GROUP_SET,TEAM_ID,TEAM_ABBREVIATION,TEAM_NAME,VS_PLAYER_ID,VS_PLAYER_NAME,COURT_STATUS,GP,MIN,PLUS_MINUS,OFF_RATING,DEF_RATING,NET_RATING,ON_OFF
On/Off Court,1610612737,ATL,Atlanta Hawks,1629638,"Alexander-Walker, Nickeil",On,6,213.0,-18.3,101.8,120.0,-18.2,ON
On/Off Court,1610612737,ATL,Atlanta Hawks,1628396,"Bradley, Tony",On,4,41.0,-3.5,96.3,101.3,-5.0,ON
On/Off Court,1610612737,ATL,Atlanta Hawks,1630700,"Daniels, Dyson",On,6,166.0,-22.0,101.5,121.9,-20.4,ON
On/Off Court,1610612737,ATL,Atlanta Hawks,1631243,"Gueye, Mouhamed",On,6,50.0,-29.5,91.5,123.1,-31.6,ON
On/Off Court,1610612737,ATL,Atlanta Hawks,1627741,"Hield, Buddy",On,2,13.0,-55.2,85.7,139.3,-53.6,ON
On/Off Court,1610612737,ATL,Atlanta Hawks,1630552,"Johnson, Jalen",On,6,214.0,-20.4,104.8,125.3,-20.5,ON
On/Off Court,1610612737,ATL,Atlanta Hawks,1630557,"Kispert, Corey",On,5,54.0,11.5,114.2,100.9,13.2,ON
On/Off Court,1610612737,ATL,Atlanta Hawks,1630228,"Kuminga, Jonathan",On,6,156.0,-17.2,100.6,119.8,-19.2,ON
On/Off Court,1610612737,ATL,Atlanta Hawks,203468,"McCollum, CJ",On,6,192.0,-15.2,104.6,119.7,-15.2,ON
On/Off Court,1610612737,ATL,Atlanta Hawks,1642854,"Newell, Asa",On,2,11.0,40.2,115.0,70.0,45.0,ON
On/Off Court,1610612737,ATL,Atlanta Hawks,1630168,"Okongwu, Onyeka",On,6,199.0,-18.1,105.1,123.5,-18.4,ON
On/Off Court,1610612737,ATL,Atlanta Hawks,1642258,"Risacher, Zaccharie",On,3,23.0,-4.2,106.7,111.1,-4.4,ON
On/Off Court,1610612737,ATL,Atlanta Hawks,1629216,"Vincent, Gabe",On,6,93.0,-30.4,93.7,127.4,-33.7,ON
On/Off Court,1610612737,ATL,Atlanta Hawks,1630811,"Wallace, Keaton",On,3,15.0,9.3,113.3,96.9,16.5,ON
On/Off Court,1610612737,ATL,Atlanta Hawks,1629638,"Alexander-Walker, Nickeil",Off,6,75.0,-15.3,100.6,118.6,-18.0,OFF
On/Off Court,1610612737,ATL,Atlanta Hawks,1628396,"Bradley, Tony",Off,6,247.0,-19.8,104.2,124.5,-20.3,OFF
On/Off Court,1610612737,ATL,Atlanta Hawks,1630700,"Daniels, Dyson",Off,6,122.0,-11.4,102.8,118.0,-15.2,OFF
On/Off Court,1610612737,ATL,Atlanta Hawks,1631243,"Gueye, Mouhamed",Off,6,238.0,-15.0,104.8,120.4,-15.6,OFF
On/Off Court,1610612737,ATL,Atlanta Hawks,1627741,"Hield, Buddy",Off,6,275.0,-15.7,104.5,120.8,-16.3,OFF
On/Off Court,1610612737,ATL,Atlanta Hawks,1630552,"Johnson, Jalen",Off,6,74.0,-9.1,96.6,107.5,-10.8,OFF
On/Off Court,1610612737,ATL,Atlanta Hawks,1630557,"Kispert, Corey",Off,6,234.0,-24.2,101.1,125.6,-24.5,OFF
On/Off Court,1610612737,ATL,Atlanta Hawks,1630228,"Kuminga, Jonathan",Off,6,132.0,-17.8,104.1,121.2,-17.1,OFF
On/Off Court,1610612737,ATL,Atlanta Hawks,1629111,"Landale, Jock",Off,6,288.0,-17.5,103.8,121.9,-18.1,OFF
On/Off Court,1610612737,ATL,Atlanta Hawks,203468,"McCollum, CJ",Off,6,96.0,-22.1,97.9,118.2,-20.2,OFF
On/Off Court,1610612737,ATL,Atlanta Hawks,1642854,"Newell, Asa",Off,6,277.0,-19.7,103.2,123.5,-20.3,OFF
On/Off Court,1610612737,ATL,Atlanta Hawks,1630168,"Okongwu, Onyeka",Off,6,89.0,-16.1,95.1,112.8,-17.7,OFF
On/Off Court,1610612737,ATL,Atlanta Hawks,1642258,"Risacher, Zaccharie",Off,6,265.0,-18.6,103.6,122.3,-18.8,OFF
On/Off Court,1610612737,ATL,Atlanta Hawks,1629216,"Vincent, Gabe",Off,6,195.0,-11.3,107.3,116.9,-9.6,OFF
On/Off Court,1610612737,ATL,Atlanta Hawks,1630811,"Wallace, Keaton",Off,6,273.0,-19.0,103.3,122.9,-19.6,OFF
On/Off Court,1610612738,BOS,Boston Celtics,1630625,"Banton, Dalano",On,2,4.0,119.0,150.0,28.6,121.4,ON
On/Off Court,1610612738,BOS,Boston Celtics,1627759,"Brown, Jaylen",On,7,249.0,-4.4,106.1,111.0,-4.9,ON
On/Off Court,1610612738,BOS,Boston Celtics,1630568,"Garza, Luka",On,7,59.0,10.5,117.4,108.4,9.0,ON
On/Off Court,1610612738,BOS,Boston Celtics,1642864,"González, Hugo",On,4,19.0,23.0,126.5,94.4,32.0,ON
On/Off Court,1610612738,BOS,Boston Celtics,1631199,"Harper Jr., Ron",On,6,25.0,15.2,105.9,92.0,13.9,ON
On/Off Court,1610612738,BOS,Boston Celtics,1630573,"Hauser, Sam",On,7,164.0,-5.0,102.7,107.9,-5.2,ON
On/Off Court,1610612738,BOS,Boston Celtics,1630202,"Pritchard, Payton",On,7,231.0,9.2,120.9,110.9,10.0,ON
On/Off Court,1610612738,BOS,Boston Celtics,1629674,"Queta, Neemias",On,7,152.0,0.9,108.8,105.7,3.2,ON
On/Off Court,1610612738,BOS,Boston Celtics,1631248,"Scheierman, Baylor",On,7,99.0,-1.5,110.6,109.9,0.7,ON
On/Off Court,1610612738,BOS,Boston Celtics,1642917,"Shulga, Max",On,2,5.0,51.4,125.0,62.5,62.5,ON
On/Off Court,1610612738,BOS,Boston Celtics,1628369,"Tatum, Jayson",On,6,218.0,6.2,119.4,112.9,6.6,ON
On/Off Court,1610612738,BOS,Boston Celtics,202696,"Vučević, Nikola",On,6,114.0,3.8,115.4,111.4,3.9,ON
On/Off Court,1610612738,BOS,Boston Celtics,1641775,"Walsh, Jordan",On,7,89.0,21.1,122.3,100.0,22.3,ON
On/Off Court,1610612738,BOS,Boston Celtics,1628401,"White, Derrick",On,7,251.0,-4.6,107.9,113.6,-5.8,ON
On/Off Court,1610612738,BOS,Boston Celtics,1642873,"Williams, Amari",On,1,2.0,-31.0,33.3,66.7,-33.3,ON
On/Off Court,1610612738,BOS,Boston Celtics,1630625,"Banton, Dalano",Off,7,332.0,1.4,113.1,111.7,1.4,OFF
On/Off Court,1610612738,BOS,Boston Celtics,1627759,"Brown, Jaylen",Off,7,87.0,23.7,131.6,107.7,23.9,OFF
On/Off Court,1610612738,BOS,Boston Celtics,1630568,"Garza, Luka",Off,7,277.0,1.2,111.4,109.7,1.7,OFF
On/Off Court,1610612738,BOS,Boston Celtics,1642864,"González, Hugo",Off,7,317.0,1.7,112.8,110.9,1.9,OFF
On/Off Court,1610612738,BOS,Boston Celtics,1631199,"Harper Jr., Ron",Off,7,311.0,1.9,114.2,112.0,2.2,OFF
On/Off Court,1610612738,BOS,Boston Celtics,1630573,"Hauser, Sam",Off,7,172.0,10.3,120.6,111.0,9.6,OFF
On/Off Court,1610612738,BOS,Boston Celtics,1630202,"Pritchard, Payton",Off,7,105.0,-10.9,94.4,107.1,-12.7,OFF
On/Off Court,1610612738,BOS,Boston Celtics,1629674,"Queta, Neemias",Off,7,184.0,4.4,115.1,110.8,4.3,OFF
On/Off Court,1610612738,BOS,Boston Celtics,1631248,"Scheierman, Baylor",Off,7,237.0,4.7,113.6,108.2,5.4,OFF
On/Off Court,1610612738,BOS,Boston Celtics,1642917,"Shulga, Max",Off,7,331.0,2.2,113.4,111.3,2.1,OFF
On/Off Court,1610612738,BOS,Boston Celtics,1628369,"Tatum, Jayson",Off,7,118.0,-3.3,100.9,105.2,-4.3,OFF
On/Off Court,1610612738,BOS,Boston Celtics,202696,"Vučević, Nikola",Off,7,222.0,2.4,110.5,107.3,3.3,OFF
On/Off Court,1610612738,BOS,Boston Celtics,1641775,"Walsh, Jordan",Off,7,247.0,-3.7,109.1,113.8,-4.6,OFF
On/Off Court,1610612738,BOS,Boston Celtics,1628401,"White, Derrick",Off,7,85.0,24.8,126.9,98.2,28.7,OFF
On/Off Court,1610612738,BOS,Boston Celtics,1642873,"Williams, Amari",Off,7,334.0,3.0,113.9,110.9,3.0,OFF
On/Off Court,1610612739,CLE,Cleveland Cavaliers,1628386,"Allen, Jarrett",On,18,529.0,-0.6,114.1,113.6,0.5,ON
On/Off Court,1610612739,CLE,Cleveland Cavaliers,1628418,"Bryant, Thomas",On,9,41.0,-18.6,91.9,114.5,-22.6,ON
On/Off Court,1610612739,CLE,Cleveland Cavaliers,1631165,"Ellis, Keon",On,12,89.0,-16.7,98.9,114.8,-15.9,ON
On/Off Court,1610612739,CLE,Cleveland Cavaliers,201935,"Harden, James",On,18,672.0,0.5,113.3,112.9,0.4,ON
On/Off Court,1610612739,CLE,Cleveland Cavaliers,1630241,"Merrill, Sam",On,17,338.0,0.7,114.5,114.9,-0.4,ON
On/Off Court,1610612739,CLE,Cleveland Cavaliers,1628378,"Mitchell, Donovan",On,18,652.0,-3.8,107.4,111.4,-4.0,ON
On/Off Court,1610612739,CLE,Cleveland Cavaliers,1630596,"Mobley, Evan",On,18,640.0,-5.6,105.5,111.6,-6.0,ON
On/Off Court,1610612739,CLE,Cleveland Cavaliers,1626204,"Nance Jr., Larry",On,2,5.0,-20.6,70.0,112.5,-42.5,ON
On/Off Court,1610612739,CLE,Cleveland Cavaliers,1641854,"Porter Jr., Craig",On,7,21.0,-15.8,75.0,100.0,-25.0,ON
On/Off Court,1610612739,CLE,Cleveland Cavaliers,1642878,"Proctor, Tyrese",On,4,13.0,-22.5,85.7,115.4,-29.7,ON
On/Off Court,1610612739,CLE,Cleveland Cavaliers,203471,"Schröder, Dennis",On,17,271.0,-4.1,103.7,109.7,-6.0,ON
On/Off Court,1610612739,CLE,Cleveland Cavaliers,1629622,"Strus, Max",On,18,481.0,-6.8,108.5,117.6,-9.1,ON
On/Off Court,1610612739,CLE,Cleveland Cavaliers,1641772,"Tomlin, Nae'Qwan",On,7,19.0,-12.3,80.0,102.5,-22.5,ON
On/Off Court,1610612739,CLE,Cleveland Cavaliers,1642281,"Tyson, Jaylon",On,17,216.0,-5.3,105.3,112.7,-7.4,ON
On/Off Court,1610612739,CLE,Cleveland Cavaliers,1629731,"Wade, Dean",On,18,407.0,3.3,114.3,109.3,5.0,ON
On/Off Court,1610612739,CLE,Cleveland Cavaliers,1628386,"Allen, Jarrett",Off,18,350.0,-6.6,102.4,111.4,-8.9,OFF
On/Off Court,1610612739,CLE,Cleveland Cavaliers,1628418,"Bryant, Thomas",Off,18,838.0,-2.2,111.2,114.1,-2.9,OFF
On/Off Court,1610612739,CLE,Cleveland Cavaliers,1631165,"Ellis, Keon",Off,18,790.0,-1.5,111.4,113.6,-2.2,OFF
On/Off Court,1610612739,CLE,Cleveland Cavaliers,1642400,"Enaruna, Tristan",Off,1,48.0,10.0,116.2,107.1,9.0,OFF
On/Off Court,1610612739,CLE,Cleveland Cavaliers,201935,"Harden, James",Off,18,207.0,-14.4,97.4,112.9,-15.5,OFF
On/Off Court,1610612739,CLE,Cleveland Cavaliers,1630241,"Merrill, Sam",Off,18,541.0,-5.3,106.2,110.8,-4.5,OFF
On/Off Court,1610612739,CLE,Cleveland Cavaliers,1642434,"Minix, Riley",Off,1,48.0,10.0,116.2,107.1,9.0,OFF
On/Off Court,1610612739,CLE,Cleveland Cavaliers,1628378,"Mitchell, Donovan",Off,18,227.0,-0.6,111.2,111.9,-0.6,OFF
On/Off Court,1610612739,CLE,Cleveland Cavaliers,1630596,"Mobley, Evan",Off,18,239.0,3.8,116.0,113.0,3.0,OFF
On/Off Court,1610612739,CLE,Cleveland Cavaliers,1626204,"Nance Jr., Larry",Off,18,874.0,-2.9,110.8,114.2,-3.4,OFF
On/Off Court,1610612739,CLE,Cleveland Cavaliers,1641854,"Porter Jr., Craig",Off,18,858.0,-2.7,111.5,114.5,-3.1,OFF
On/Off Court,1610612739,CLE,Cleveland Cavaliers,1642878,"Proctor, Tyrese",Off,18,866.0,-2.7,110.9,114.2,-3.2,OFF
On/Off Court,1610612739,CLE,Cleveland Cavaliers,1630846,"Sarr, Olivier",Off,1,48.0,10.0,116.2,107.1,9.0,OFF
On/Off Court,1610612739,CLE,Cleveland Cavaliers,203471,"Schröder, Dennis",Off,18,608.0,-2.5,110.9,114.3,-3.5,OFF
On/Off Court,1610612739,CLE,Cleveland Cavaliers,1629622,"Strus, Max",Off,18,398.0,1.6,108.6,107.1,1.5,OFF
On/Off Court,1610612739,CLE,Cleveland Cavaliers,1641772,"Tomlin, Nae'Qwan",Off,18,860.0,-2.8,111.2,114.4,-3.2,OFF
On/Off Court,1610612739,CLE,Cleveland Cavaliers,1642281,"Tyson, Jaylon",Off,18,663.0,-2.2,110.9,113.6,-2.7,OFF
On/Off Court,1610612739,CLE,Cleveland Cavaliers,1629731,"Wade, Dean",Off,18,472.0,-8.4,104.5,114.8,-10.3,OFF
On/Off Court,1610612743,DEN,Denver Nuggets,1631128,"Braun, Christian",On,6,187.0,-3.9,105.8,109.6,-3.8,ON
On/Off Court,1610612743,DEN,Denver Nuggets,1628971,"Brown, Bruce",On,6,116.0,-10.7,107.5,115.4,-7.9,ON
On/Off Court,1610612743,DEN,Denver Nuggets,203932,"Gordon, Aaron",On,3,89.0,0.0,110.5,110.5,0.0,ON
On/Off Court,1610612743,DEN,Denver Nuggets,203501,"Hardaway Jr., Tim",On,6,140.0,-1.7,107.0,109.8,-2.8,ON
On/Off Court,1610612743,DEN,Denver Nuggets,1641747,"Holmes II, DaRon",On,2,4.0,0.0,100.0,125.0,-25.0,ON
On/Off Court,1610612743,DEN,Denver Nuggets,1629661,"Johnson, Cameron",On,6,186.0,-2.6,108.6,112.5,-3.9,ON
On/Off Court,1610612743,DEN,Denver Nuggets,203999,"Jokić, Nikola",On,6,237.0,-2.8,108.0,111.8,-3.7,ON
On/Off Court,1610612743,DEN,Denver Nuggets,1642461,"Jones, Spencer",On,6,145.0,-5.6,108.4,110.9,-2.5,ON
On/Off Court,1610612743,DEN,Denver Nuggets,1626145,"Jones, Tyus",On,3,30.0,-3.2,108.2,109.7,-1.5,ON
On/Off Court,1610612743,DEN,Denver Nuggets,1627750,"Murray, Jamal",On,6,238.0,-5.6,103.8,110.3,-6.5,ON
On/Off Court,1610612743,DEN,Denver Nuggets,1630192,"Nnaji, Zeke",On,2,19.0,-7.6,100.0,112.2,-12.2,ON
On/Off Court,1610612743,DEN,Denver Nuggets,1629618,"Pickett, Jalen",On,2,4.0,0.0,100.0,125.0,-25.0,ON
On/Off Court,1610612743,DEN,Denver Nuggets,1631124,"Strawther, Julian",On,2,18.0,-13.2,109.3,123.8,-14.5,ON
On/Off Court,1610612743,DEN,Denver Nuggets,202685,"Valančiūnas, Jonas",On,4,25.0,-19.2,94.4,122.0,-27.6,ON
On/Off Court,1610612743,DEN,Denver Nuggets,1631128,"Braun, Christian",Off,6,101.0,-5.7,108.6,114.9,-6.3,OFF
On/Off Court,1610612743,DEN,Denver Nuggets,1628971,"Brown, Bruce",Off,6,172.0,-0.3,105.4,107.5,-2.0,OFF
On/Off Court,1610612743,DEN,Denver Nuggets,203932,"Gordon, Aaron",Off,6,199.0,-6.5,106.9,113.2,-6.4,OFF
On/Off Court,1610612743,DEN,Denver Nuggets,203501,"Hardaway Jr., Tim",Off,6,148.0,-7.1,106.2,113.4,-7.2,OFF
On/Off Court,1610612743,DEN,Denver Nuggets,1641747,"Holmes II, DaRon",Off,6,284.0,-4.6,108.0,112.6,-4.6,OFF
On/Off Court,1610612743,DEN,Denver Nuggets,1629661,"Johnson, Cameron",Off,6,102.0,-8.0,102.4,107.4,-5.0,OFF
On/Off Court,1610612743,DEN,Denver Nuggets,203999,"Jokić, Nikola",Off,6,51.0,-12.2,101.9,116.3,-14.5,OFF
On/Off Court,1610612743,DEN,Denver Nuggets,1642461,"Jones, Spencer",Off,6,143.0,-3.4,106.0,111.6,-5.6,OFF
On/Off Court,1610612743,DEN,Denver Nuggets,1626145,"Jones, Tyus",Off,6,258.0,-4.7,108.0,112.7,-4.7,OFF
On/Off Court,1610612743,DEN,Denver Nuggets,1627750,"Murray, Jamal",Off,6,50.0,1.0,115.3,114.4,0.9,OFF
On/Off Court,1610612743,DEN,Denver Nuggets,1630192,"Nnaji, Zeke",Off,6,269.0,-4.3,108.3,112.8,-4.5,OFF
On/Off Court,1610612743,DEN,Denver Nuggets,1629618,"Pickett, Jalen",Off,6,284.0,-4.6,108.0,112.6,-4.6,OFF
On/Off Court,1610612743,DEN,Denver Nuggets,1631124,"Strawther, Julian",Off,6,270.0,-3.9,107.7,111.7,-4.0,OFF
On/Off Court,1610612743,DEN,Denver Nuggets,202685,"Valančiūnas, Jonas",Off,6,263.0,-3.1,108.6,111.9,-3.3,OFF
On/Off Court,1610612743,DEN,Denver Nuggets,1631212,"Watson, Peyton",Off,6,288.0,-4.5,108.2,112.8,-4.5,OFF
On/Off Court,1610612745,HOU,Houston Rockets,203991,"Capela, Clint",On,4,22.0,-44.1,104.7,135.4,-30.8,ON
On/Off Court,1610612745,HOU,Houston Rockets,1631120,"Davison, JD",On,2,5.0,9.2,118.2,100.0,18.2,ON
On/Off Court,1610612745,HOU,Houston Rockets,201142,"Durant, Kevin",On,1,41.0,-2.3,114.3,116.9,-2.6,ON
On/Off Court,1610612745,HOU,Houston Rockets,1631106,"Eason, Tari",On,6,195.0,2.5,107.9,103.6,4.3,ON
On/Off Court,1610612745,HOU,Houston Rockets,1627827,"Finney-Smith, Dorian",On,4,49.0,-25.3,86.6,113.4,-26.8,ON
On/Off Court,1610612745,HOU,Houston Rockets,201145,"Green, Jeff",On,2,11.0,-36.5,62.5,100.0,-37.5,ON
On/Off Court,1610612745,HOU,Houston Rockets,1628988,"Holiday, Aaron",On,6,67.0,0.7,100.8,97.8,3.0,ON
On/Off Court,1610612745,HOU,Houston Rockets,1629006,"Okogie, Josh",On,6,104.0,-1.8,104.9,104.8,0.1,ON
On/Off Court,1610612745,HOU,Houston Rockets,1630578,"Sengun, Alperen",On,6,232.0,-0.6,103.5,104.9,-1.4,ON
On/Off Court,1610612745,HOU,Houston Rockets,1642263,"Sheppard, Reed",On,6,192.0,-2.0,105.6,108.0,-2.4,ON
On/Off Court,1610612745,HOU,Houston Rockets,1631095,"Smith Jr., Jabari",On,6,252.0,-1.7,104.1,105.4,-1.2,ON
On/Off Court,1610612745,HOU,Houston Rockets,1630256,"Tate, Jae'Sean",On,5,30.0,-22.1,84.4,101.5,-17.1,ON
On/Off Court,1610612745,HOU,Houston Rockets,1641708,"Thompson, Amen",On,6,264.0,1.3,105.5,103.1,2.4,ON
On/Off Court,1610612745,HOU,Houston Rockets,203500,"Adams, Steven",Off,6,293.0,-2.5,105.2,107.4,-2.3,OFF
On/Off Court,1610612745,HOU,Houston Rockets,203991,"Capela, Clint",Off,6,271.0,0.9,104.6,103.0,1.5,OFF
On/Off Court,1610612745,HOU,Houston Rockets,1631120,"Davison, JD",Off,6,288.0,-2.7,104.9,107.2,-2.3,OFF
On/Off Court,1610612745,HOU,Houston Rockets,201142,"Durant, Kevin",Off,6,252.0,-2.5,103.5,105.7,-2.2,OFF
On/Off Court,1610612745,HOU,Houston Rockets,1631106,"Eason, Tari",Off,6,98.0,-12.3,95.3,106.7,-11.4,OFF
On/Off Court,1610612745,HOU,Houston Rockets,1627827,"Finney-Smith, Dorian",Off,6,244.0,2.2,107.4,105.3,2.1,OFF
On/Off Court,1610612745,HOU,Houston Rockets,201145,"Green, Jeff",Off,6,282.0,-1.2,106.9,107.6,-0.7,OFF
On/Off Court,1610612745,HOU,Houston Rockets,1628988,"Holiday, Aaron",Off,6,226.0,-3.4,105.7,108.2,-2.4,OFF
On/Off Court,1610612745,HOU,Houston Rockets,1629006,"Okogie, Josh",Off,6,189.0,-2.8,102.2,105.4,-3.2,OFF
On/Off Court,1610612745,HOU,Houston Rockets,1630578,"Sengun, Alperen",Off,6,61.0,-9.4,100.8,106.4,-5.6,OFF
On/Off Court,1610612745,HOU,Houston Rockets,1642263,"Sheppard, Reed",Off,6,101.0,-3.3,100.5,101.5,-1.0,OFF
On/Off Court,1610612745,HOU,Houston Rockets,1631095,"Smith Jr., Jabari",Off,6,41.0,-6.9,101.1,106.7,-5.5,OFF
On/Off Court,1610612745,HOU,Houston Rockets,1630256,"Tate, Jae'Sean",Off,6,263.0,-0.2,107.2,107.2,0.0,OFF
On/Off Court,1610612745,HOU,Houston Rockets,1641708,"Thompson, Amen",Off,6,29.0,-37.0,88.5,118.8,-30.2,OFF
On/Off Court,1610612745,HOU,Houston Rockets,1627832,"VanVleet, Fred",Off,6,293.0,-2.5,105.2,107.4,-2.3,OFF
On/Off Court,1610612747,LAL,Los Angeles Lakers,1629028,"Ayton, Deandre",On,10,285.0,-5.7,107.5,113.9,-6.4,ON
On/Off Court,1610612747,LAL,Los Angeles Lakers,1629060,"Hachimura, Rui",On,10,386.0,-6.5,107.0,113.8,-6.9,ON
On/Off Court,1610612747,LAL,Los Angeles Lakers,1629637,"Hayes, Jaxson",On,10,163.0,0.3,103.3,104.5,-1.3,ON
On/Off Court,1610612747,LAL,Los Angeles Lakers,1642355,"James, Bronny",On,8,42.0,0.0,112.7,114.1,-1.4,ON
On/Off Court,1610612747,LAL,Los Angeles Lakers,2544,"James, LeBron",On,10,384.0,-4.5,106.1,111.2,-5.1,ON
On/Off Court,1610612747,LAL,Los Angeles Lakers,1628379,"Kennard, Luke",On,10,326.0,-1.5,106.6,109.7,-3.1,ON
On/Off Court,1610612747,LAL,Los Angeles Lakers,1628467,"Kleber, Maxi",On,3,14.0,0.0,125.0,125.0,0.0,ON
On/Off Court,1610612747,LAL,Los Angeles Lakers,1642261,"Knecht, Dalton",On,5,18.0,-7.9,110.5,121.6,-11.1,ON
On/Off Court,1610612747,LAL,Los Angeles Lakers,1631222,"LaRavia, Jake",On,8,114.0,-4.2,95.7,100.0,-4.3,ON
On/Off Court,1610612747,LAL,Los Angeles Lakers,1630559,"Reaves, Austin",On,6,221.0,-13.3,107.6,121.3,-13.7,ON
On/Off Court,1610612747,LAL,Los Angeles Lakers,203935,"Smart, Marcus",On,10,345.0,-3.6,107.8,112.7,-4.9,ON
On/Off Court,1610612747,LAL,Los Angeles Lakers,1641733,"Smith Jr., Nick",On,6,18.0,-7.9,107.7,121.6,-13.9,ON
On/Off Court,1610612747,LAL,Los Angeles Lakers,1642876,"Thiero, Adou",On,6,34.0,-5.7,111.4,126.2,-14.7,ON
On/Off Court,1610612747,LAL,Los Angeles Lakers,1629020,"Vanderbilt, Jarred",On,7,75.0,-4.5,104.9,105.4,-0.5,ON
On/Off Court,1610612747,LAL,Los Angeles Lakers,1629028,"Ayton, Deandre",Off,10,200.0,-3.6,105.1,109.8,-4.7,OFF
On/Off Court,1610612747,LAL,Los Angeles Lakers,1629029,"Dončić, Luka",Off,10,485.0,-4.8,108.1,113.3,-5.2,OFF
On/Off Court,1610612747,LAL,Los Angeles Lakers,1629060,"Hachimura, Rui",Off,10,99.0,1.5,105.0,104.5,0.5,OFF
On/Off Court,1610612747,LAL,Los Angeles Lakers,1629637,"Hayes, Jaxson",Off,10,322.0,-7.4,107.7,116.4,-8.7,OFF
On/Off Court,1610612747,LAL,Los Angeles Lakers,1642355,"James, Bronny",Off,10,443.0,-5.3,107.2,113.1,-5.9,OFF
On/Off Court,1610612747,LAL,Los Angeles Lakers,2544,"James, LeBron",Off,10,101.0,-6.2,104.2,114.0,-9.8,OFF
On/Off Court,1610612747,LAL,Los Angeles Lakers,1628379,"Kennard, Luke",Off,10,159.0,-11.8,106.5,115.7,-9.3,OFF
On/Off Court,1610612747,LAL,Los Angeles Lakers,1628467,"Kleber, Maxi",Off,10,471.0,-5.0,107.6,113.0,-5.3,OFF
On/Off Court,1610612747,LAL,Los Angeles Lakers,1642261,"Knecht, Dalton",Off,10,467.0,-4.7,107.8,113.0,-5.2,OFF
On/Off Court,1610612747,LAL,Los Angeles Lakers,1631222,"LaRavia, Jake",Off,10,371.0,-5.0,110.2,116.4,-6.2,OFF
On/Off Court,1610612747,LAL,Los Angeles Lakers,1630559,"Reaves, Austin",Off,10,264.0,2.2,106.3,105.9,0.5,OFF
On/Off Court,1610612747,LAL,Los Angeles Lakers,203935,"Smart, Marcus",Off,10,140.0,-7.9,99.3,107.9,-8.6,OFF
On/Off Court,1610612747,LAL,Los Angeles Lakers,1641733,"Smith Jr., Nick",Off,10,467.0,-4.7,107.9,113.0,-5.1,OFF
On/Off Court,1610612747,LAL,Los Angeles Lakers,1642876,"Thiero, Adou",Off,10,451.0,-4.8,107.5,112.0,-4.5,OFF
On/Off Court,1610612747,LAL,Los Angeles Lakers,1629020,"Vanderbilt, Jarred",Off,10,410.0,-4.9,107.8,113.7,-5.9,OFF
On/Off Court,1610612750,MIN,Minnesota Timberwolves,203937,"Anderson, Kyle",On,8,61.0,-2.4,107.4,104.9,2.4,ON
On/Off Court,1610612750,MIN,Minnesota Timberwolves,1642866,"Beringer, Joan",On,5,23.0,2.1,104.1,102.0,2.0,ON
On/Off Court,1610612750,MIN,Minnesota Timberwolves,1641740,"Clark, Jaylen",On,6,57.0,-2.5,112.6,113.2,-0.6,ON
On/Off Court,1610612750,MIN,Minnesota Timberwolves,201144,"Conley, Mike",On,12,168.0,-2.3,108.2,109.8,-1.6,ON
On/Off Court,1610612750,MIN,Minnesota Timberwolves,1628978,"DiVincenzo, Donte",On,4,96.0,22.5,117.1,94.4,22.8,ON
On/Off Court,1610612750,MIN,Minnesota Timberwolves,1630245,"Dosunmu, Ayo",On,10,292.0,-11.5,107.8,118.7,-11.0,ON
On/Off Court,1610612750,MIN,Minnesota Timberwolves,1630162,"Edwards, Anthony",On,10,324.0,-11.8,102.9,114.3,-11.4,ON
On/Off Court,1610612750,MIN,Minnesota Timberwolves,203497,"Gobert, Rudy",On,12,372.0,-8.5,103.2,111.1,-7.9,ON
On/Off Court,1610612750,MIN,Minnesota Timberwolves,1630538,"Hyland, Bones",On,10,116.0,-7.0,104.8,111.1,-6.3,ON
On/Off Court,1610612750,MIN,Minnesota Timberwolves,204060,"Ingles, Joe",On,3,14.0,17.7,135.7,113.8,21.9,ON
On/Off Court,1610612750,MIN,Minnesota Timberwolves,1630183,"McDaniels, Jaden",On,12,406.0,-7.0,103.7,110.1,-6.4,ON
On/Off Court,1610612750,MIN,Minnesota Timberwolves,1641763,"Phillips, Julian",On,5,25.0,7.6,113.0,103.6,9.3,ON
On/Off Court,1610612750,MIN,Minnesota Timberwolves,203944,"Randle, Julius",On,12,400.0,-8.0,102.1,110.1,-8.0,ON
On/Off Court,1610612750,MIN,Minnesota Timberwolves,1629675,"Reid, Naz",On,12,323.0,-2.2,111.0,114.4,-3.5,ON
On/Off Court,1610612750,MIN,Minnesota Timberwolves,1630545,"Shannon Jr., Terrence",On,9,203.0,-4.0,110.3,112.4,-2.1,ON
On/Off Court,1610612750,MIN,Minnesota Timberwolves,203937,"Anderson, Kyle",Off,12,515.0,-6.2,107.0,113.4,-6.4,OFF
On/Off Court,1610612750,MIN,Minnesota Timberwolves,1642866,"Beringer, Joan",Off,12,553.0,-6.2,107.3,113.5,-6.2,OFF
On/Off Court,1610612750,MIN,Minnesota Timberwolves,1641740,"Clark, Jaylen",Off,12,519.0,-6.2,106.4,112.7,-6.3,OFF
On/Off Court,1610612750,MIN,Minnesota Timberwolves,201144,"Conley, Mike",Off,12,408.0,-7.3,105.7,112.6,-6.9,OFF
On/Off Court,1610612750,MIN,Minnesota Timberwolves,1628978,"DiVincenzo, Donte",Off,12,480.0,-11.5,105.1,116.2,-11.1,OFF
On/Off Court,1610612750,MIN,Minnesota Timberwolves,1630245,"Dosunmu, Ayo",Off,12,284.0,0.0,104.8,103.6,1.2,OFF
On/Off Court,1610612750,MIN,Minnesota Timberwolves,1630162,"Edwards, Anthony",Off,12,252.0,1.9,111.4,108.5,2.9,OFF
On/Off Court,1610612750,MIN,Minnesota Timberwolves,203497,"Gobert, Rudy",Off,12,204.0,-0.9,110.7,112.4,-1.6,OFF
On/Off Court,1610612750,MIN,Minnesota Timberwolves,1630538,"Hyland, Bones",Off,12,460.0,-5.5,107.4,111.8,-4.4,OFF
On/Off Court,1610612750,MIN,Minnesota Timberwolves,204060,"Ingles, Joe",Off,12,562.0,-6.4,106.6,113.1,-6.5,OFF
On/Off Court,1610612750,MIN,Minnesota Timberwolves,1630183,"McDaniels, Jaden",Off,12,170.0,-3.1,113.2,114.4,-1.1,OFF
On/Off Court,1610612750,MIN,Minnesota Timberwolves,1641763,"Phillips, Julian",Off,12,551.0,-6.5,106.9,113.6,-6.7,OFF
On/Off Court,1610612750,MIN,Minnesota Timberwolves,203944,"Randle, Julius",Off,12,176.0,-0.8,115.2,114.8,0.4,OFF
On/Off Court,1610612750,MIN,Minnesota Timberwolves,1629675,"Reid, Naz",Off,12,253.0,-10.4,98.5,107.9,-9.4,OFF
On/Off Court,1610612750,MIN,Minnesota Timberwolves,1630545,"Shannon Jr., Terrence",Off,12,373.0,-6.8,104.2,111.3,-7.0,OFF
On/Off Court,1610612752,NYK,New York Knicks,1630631,"Alvarado, Jose",On,16,143.0,28.5,115.6,86.4,29.2,ON
On/Off Court,1610612752,NYK,New York Knicks,1628384,"Anunoby, OG",On,15,512.0,15.2,119.0,103.9,15.1,ON
On/Off Court,1610612752,NYK,New York Knicks,1628969,"Bridges, Mikal",On,17,541.0,16.9,121.2,103.8,17.3,ON
On/Off Court,1610612752,NYK,New York Knicks,1628973,"Brunson, Jalen",On,17,616.0,16.6,122.5,106.2,16.3,ON
On/Off Court,1610612752,NYK,New York Knicks,203903,"Clarkson, Jordan",On,16,184.0,22.7,123.4,100.5,22.8,ON
On/Off Court,1610612752,NYK,New York Knicks,1642359,"Dadiet, Pacôme",On,7,40.0,-3.6,92.9,95.3,-2.4,ON
On/Off Court,1610612752,NYK,New York Knicks,1642885,"Diawara, Mohamed",On,6,43.0,-13.5,96.6,111.4,-14.7,ON
On/Off Court,1610612752,NYK,New York Knicks,1628404,"Hart, Josh",On,17,542.0,15.5,120.4,103.7,16.7,ON
On/Off Court,1610612752,NYK,New York Knicks,1630574,"Hukporti, Ariel",On,8,70.0,4.8,115.6,111.0,4.5,ON
On/Off Court,1610612752,NYK,New York Knicks,1642278,"Kolek, Tyler",On,8,53.0,-5.4,99.1,103.5,-4.4,ON
On/Off Court,1610612752,NYK,New York Knicks,1630540,"McBride, Miles",On,17,314.0,23.2,123.8,99.7,24.1,ON
On/Off Court,1610612752,NYK,New York Knicks,1629011,"Robinson, Mitchell",On,16,218.0,8.8,116.2,103.5,12.7,ON
On/Off Court,1610612752,NYK,New York Knicks,1629013,"Shamet, Landry",On,17,276.0,11.8,113.5,100.4,13.2,ON
On/Off Court,1610612752,NYK,New York Knicks,1631110,"Sochan, Jeremy",On,6,23.0,-29.6,90.0,122.9,-32.9,ON
On/Off Court,1610612752,NYK,New York Knicks,1626157,"Towns, Karl-Anthony",On,17,529.0,22.2,123.1,100.2,22.9,ON
On/Off Court,1610612752,NYK,New York Knicks,1630631,"Alvarado, Jose",Off,17,678.0,13.7,120.6,107.0,13.7,OFF
On/Off Court,1610612752,NYK,New York Knicks,1628384,"Anunoby, OG",Off,17,309.0,18.0,118.8,100.3,18.5,OFF
On/Off Court,1610612752,NYK,New York Knicks,1628969,"Bridges, Mikal",Off,17,280.0,14.9,116.3,101.2,15.1,OFF
On/Off Court,1610612752,NYK,New York Knicks,1628973,"Brunson, Jalen",Off,17,205.0,15.2,111.8,94.3,17.5,OFF
On/Off Court,1610612752,NYK,New York Knicks,203903,"Clarkson, Jordan",Off,17,637.0,14.4,118.8,104.1,14.7,OFF
On/Off Court,1610612752,NYK,New York Knicks,1642359,"Dadiet, Pacôme",Off,17,781.0,17.3,122.6,104.6,18.0,OFF
On/Off Court,1610612752,NYK,New York Knicks,1642885,"Diawara, Mohamed",Off,17,778.0,17.9,122.4,103.8,18.6,OFF
On/Off Court,1610612752,NYK,New York Knicks,1628404,"Hart, Josh",Off,17,279.0,17.7,117.5,100.0,17.5,OFF
On/Off Court,1610612752,NYK,New York Knicks,1630574,"Hukporti, Ariel",Off,17,751.0,17.3,121.5,103.3,18.2,OFF
On/Off Court,1610612752,NYK,New York Knicks,1642278,"Kolek, Tyler",Off,17,768.0,17.8,122.5,104.2,18.4,OFF
On/Off Court,1610612752,NYK,New York Knicks,1630540,"McBride, Miles",Off,17,507.0,11.9,116.7,104.1,12.6,OFF
On/Off Court,1610612752,NYK,New York Knicks,1629011,"Robinson, Mitchell",Off,17,603.0,18.9,120.4,101.0,19.4,OFF
On/Off Court,1610612752,NYK,New York Knicks,1629013,"Shamet, Landry",Off,17,545.0,18.5,122.8,104.4,18.4,OFF
On/Off Court,1610612752,NYK,New York Knicks,1631110,"Sochan, Jeremy",Off,17,798.0,17.6,122.0,103.6,18.3,OFF
On/Off Court,1610612752,NYK,New York Knicks,1626157,"Towns, Karl-Anthony",Off,17,292.0,5.4,112.4,104.8,7.6,OFF
On/Off Court,1610612753,ORL,Orlando Magic,1631094,"Banchero, Paolo",On,7,273.0,-3.0,103.8,106.7,-2.9,ON
On/Off Court,1610612753,ORL,Orlando Magic,1630217,"Bane, Desmond",On,7,253.0,-3.4,102.1,107.1,-5.0,ON
On/Off Court,1610612753,ORL,Orlando Magic,1629048,"Bitadze, Goga",On,6,83.0,-14.4,80.1,94.2,-14.1,ON
On/Off Court,1610612753,ORL,Orlando Magic,1641710,"Black, Anthony",On,7,196.0,-15.0,95.4,112.7,-17.3,ON
On/Off Court,1610612753,ORL,Orlando Magic,1631288,"Cain, Jamal",On,7,123.0,-12.5,89.0,102.9,-13.9,ON
On/Off Court,1610612753,ORL,Orlando Magic,1628976,"Carter Jr., Wendell",On,7,237.0,-3.0,108.8,112.7,-3.9,ON
On/Off Court,1610612753,ORL,Orlando Magic,1628975,"Carter, Jevon",On,3,17.0,26.2,109.4,83.9,25.5,ON
On/Off Court,1610612753,ORL,Orlando Magic,1641724,"Howard, Jett",On,1,3.0,48.8,100.0,50.0,50.0,ON
On/Off Court,1610612753,ORL,Orlando Magic,1642869,"Penda, Noah",On,1,3.0,48.8,100.0,50.0,50.0,ON
On/Off Court,1610612753,ORL,Orlando Magic,1642859,"Richardson, Jase",On,1,3.0,48.8,100.0,50.0,50.0,ON
On/Off Court,1610612753,ORL,Orlando Magic,1630591,"Suggs, Jalen",On,7,248.0,-6.6,104.2,110.4,-6.3,ON
On/Off Court,1610612753,ORL,Orlando Magic,1630532,"Wagner, Franz",On,4,122.0,9.1,104.8,98.0,6.8,ON
On/Off Court,1610612753,ORL,Orlando Magic,1629021,"Wagner, Moritz",On,2,13.0,30.4,92.3,64.0,28.3,ON
On/Off Court,1610612753,ORL,Orlando Magic,1641783,"da Silva, Tristan",On,7,107.0,-5.4,94.1,101.8,-7.7,ON
On/Off Court,1610612753,ORL,Orlando Magic,1631094,"Banchero, Paolo",Off,7,63.0,-12.2,89.1,104.0,-14.8,OFF
On/Off Court,1610612753,ORL,Orlando Magic,1630217,"Bane, Desmond",Off,7,83.0,-8.7,94.0,100.0,-6.0,OFF
On/Off Court,1610612753,ORL,Orlando Magic,1629048,"Bitadze, Goga",Off,7,253.0,-1.5,107.7,109.7,-2.0,OFF
On/Off Court,1610612753,ORL,Orlando Magic,1641710,"Black, Anthony",Off,7,140.0,9.6,107.3,98.6,8.7,OFF
On/Off Court,1610612753,ORL,Orlando Magic,1631288,"Cain, Jamal",Off,7,213.0,-0.2,106.6,107.9,-1.2,OFF
On/Off Court,1610612753,ORL,Orlando Magic,1628976,"Carter Jr., Wendell",Off,7,99.0,-8.7,80.9,89.7,-8.8,OFF
On/Off Court,1610612753,ORL,Orlando Magic,1628975,"Carter, Jevon",Off,7,320.0,-6.3,100.8,108.3,-7.5,OFF
On/Off Court,1610612753,ORL,Orlando Magic,1641724,"Howard, Jett",Off,7,333.0,-5.2,102.0,108.0,-6.1,OFF
On/Off Court,1610612753,ORL,Orlando Magic,1628371,"Isaac, Jonathan",Off,7,336.0,-4.7,101.9,107.5,-5.6,OFF
On/Off Court,1610612753,ORL,Orlando Magic,1642869,"Penda, Noah",Off,7,333.0,-5.2,102.0,108.0,-6.1,OFF
On/Off Court,1610612753,ORL,Orlando Magic,1642859,"Richardson, Jase",Off,7,333.0,-5.2,102.0,108.0,-6.1,OFF
On/Off Court,1610612753,ORL,Orlando Magic,1630591,"Suggs, Jalen",Off,7,88.0,0.5,90.8,94.0,-3.2,OFF
On/Off Court,1610612753,ORL,Orlando Magic,1630532,"Wagner, Franz",Off,7,214.0,-12.5,97.7,111.7,-14.1,OFF
On/Off Court,1610612753,ORL,Orlando Magic,1629021,"Wagner, Moritz",Off,7,323.0,-6.1,101.9,109.2,-7.3,OFF
On/Off Court,1610612753,ORL,Orlando Magic,1641783,"da Silva, Tristan",Off,7,229.0,-4.4,102.6,107.4,-4.8,OFF
On/Off Court,1610612755,PHI,Philadelphia 76ers,1631230,"Barlow, Dominick",On,9,96.0,-25.6,89.0,116.3,-27.3,ON
On/Off Court,1610612755,PHI,Philadelphia 76ers,1641737,"Bona, Adem",On,10,96.0,1.5,108.4,106.8,1.6,ON
On/Off Court,1610612755,PHI,Philadelphia 76ers,1641780,"Broome, Johni",On,2,8.0,24.8,117.6,94.1,23.5,ON
On/Off Court,1610612755,PHI,Philadelphia 76ers,203083,"Drummond, Andre",On,11,142.0,-12.5,112.4,126.3,-14.0,ON
On/Off Court,1610612755,PHI,Philadelphia 76ers,1642845,"Edgecombe, VJ",On,11,407.0,-4.6,111.4,115.7,-4.3,ON
On/Off Court,1610612755,PHI,Philadelphia 76ers,1642348,"Edwards, Justin",On,9,109.0,-24.1,92.0,115.4,-23.3,ON
On/Off Court,1610612755,PHI,Philadelphia 76ers,203954,"Embiid, Joel",On,7,233.0,-10.5,109.0,120.0,-10.9,ON
On/Off Court,1610612755,PHI,Philadelphia 76ers,202331,"George, Paul",On,11,394.0,-8.2,111.5,119.6,-8.2,ON
On/Off Court,1610612755,PHI,Philadelphia 76ers,1629656,"Grimes, Quentin",On,11,243.0,-13.6,107.1,120.7,-13.6,ON
On/Off Court,1610612755,PHI,Philadelphia 76ers,200768,"Lowry, Kyle",On,2,3.0,-52.0,40.0,83.3,-43.3,ON
On/Off Court,1610612755,PHI,Philadelphia 76ers,1630178,"Maxey, Tyrese",On,11,437.0,-9.4,110.7,121.3,-10.6,ON
On/Off Court,1610612755,PHI,Philadelphia 76ers,1626162,"Oubre Jr., Kelly",On,11,364.0,-10.7,111.2,121.2,-10.0,ON
On/Off Court,1610612755,PHI,Philadelphia 76ers,1631207,"Terry, Dalen",On,7,39.0,-8.5,84.9,94.1,-9.2,ON
On/Off Court,1610612755,PHI,Philadelphia 76ers,1631133,"Walker, Jabari",On,6,29.0,-1.6,95.3,98.4,-3.1,ON
On/Off Court,1610612755,PHI,Philadelphia 76ers,1630570,"Watford, Trendon",On,7,40.0,-6.0,92.9,98.8,-5.9,ON
On/Off Court,1610612755,PHI,Philadelphia 76ers,1631230,"Barlow, Dominick",Off,11,432.0,-6.4,112.6,119.4,-6.8,OFF
On/Off Court,1610612755,PHI,Philadelphia 76ers,1641737,"Bona, Adem",Off,11,432.0,-12.4,108.3,120.6,-12.4,OFF
On/Off Court,1610612755,PHI,Philadelphia 76ers,1641780,"Broome, Johni",Off,11,520.0,-10.4,109.0,119.6,-10.6,OFF
On/Off Court,1610612755,PHI,Philadelphia 76ers,203083,"Drummond, Andre",Off,11,386.0,-8.9,105.3,114.7,-9.4,OFF
On/Off Court,1610612755,PHI,Philadelphia 76ers,1642845,"Edgecombe, VJ",Off,11,121.0,-27.8,96.1,125.0,-28.9,OFF
On/Off Court,1610612755,PHI,Philadelphia 76ers,1642348,"Edwards, Justin",Off,11,419.0,-6.2,112.5,119.7,-7.1,OFF
On/Off Court,1610612755,PHI,Philadelphia 76ers,203954,"Embiid, Joel",Off,11,295.0,-9.4,107.2,117.1,-9.9,OFF
On/Off Court,1610612755,PHI,Philadelphia 76ers,202331,"George, Paul",Off,11,134.0,-15.0,98.5,112.3,-13.7,OFF
On/Off Court,1610612755,PHI,Philadelphia 76ers,1629656,"Grimes, Quentin",Off,11,285.0,-6.7,108.6,114.8,-6.2,OFF
On/Off Court,1610612755,PHI,Philadelphia 76ers,200768,"Lowry, Kyle",Off,11,525.0,-9.7,109.4,119.4,-10.0,OFF
On/Off Court,1610612755,PHI,Philadelphia 76ers,1630178,"Maxey, Tyrese",Off,11,91.0,-12.2,96.8,107.9,-11.0,OFF
On/Off Court,1610612755,PHI,Philadelphia 76ers,1626162,"Oubre Jr., Kelly",Off,11,164.0,-8.2,102.5,110.5,-8.0,OFF
On/Off Court,1610612755,PHI,Philadelphia 76ers,1631207,"Terry, Dalen",Off,11,489.0,-10.0,111.2,121.3,-10.1,OFF
On/Off Court,1610612755,PHI,Philadelphia 76ers,1631133,"Walker, Jabari",Off,11,499.0,-10.4,109.8,120.5,-10.7,OFF
On/Off Court,1610612755,PHI,Philadelphia 76ers,1630570,"Watford, Trendon",Off,11,488.0,-10.2,110.5,121.0,-10.5,OFF
On/Off Court,1610612756,PHX,Phoenix Suns,1628960,"Allen, Grayson",On,2,38.0,-1.3,118.7,116.9,1.8,ON
On/Off Court,1610612756,PHX,Phoenix Suns,1626164,"Booker, Devin",On,4,153.0,-21.0,110.3,131.1,-20.8,ON
On/Off Court,1610612756,PHX,Phoenix Suns,1631123,"Bouyea, Jamaree",On,4,10.0,15.1,100.0,88.2,11.8,ON
On/Off Court,1610612756,PHX,Phoenix Suns,1628415,"Brooks, Dillon",On,4,149.0,-9.6,116.7,125.4,-8.7,ON
On/Off Court,1610612756,PHX,Phoenix Suns,1629599,"Coffey, Amir",On,4,6.0,38.7,76.9,41.7,35.3,ON
On/Off Court,1610612756,PHX,Phoenix Suns,1642346,"Dunn, Ryan",On,4,34.0,-12.8,88.4,104.5,-16.1,ON
On/Off Court,1610612756,PHX,Phoenix Suns,1642853,"Fleming, Rasheer",On,4,18.0,7.9,102.9,94.1,8.8,ON
On/Off Court,1610612756,PHX,Phoenix Suns,1631221,"Gillespie, Collin",On,4,114.0,-34.6,102.6,135.7,-33.2,ON
On/Off Court,1610612756,PHX,Phoenix Suns,1630692,"Goodwin, Jordan",On,1,5.0,0.0,81.8,81.8,0.0,ON
On/Off Court,1610612756,PHX,Phoenix Suns,1630224,"Green, Jalen",On,4,151.0,-13.4,112.9,126.3,-13.4,ON
On/Off Court,1610612756,PHX,Phoenix Suns,1629312,"Highsmith, Haywood",On,2,11.0,-97.9,56.5,163.6,-107.1,ON
On/Off Court,1610612756,PHX,Phoenix Suns,1642345,"Ighodaro, Oso",On,4,129.0,-16.8,115.6,131.3,-15.7,ON
On/Off Court,1610612756,PHX,Phoenix Suns,1642863,"Maluach, Khaman",On,4,45.0,-13.8,102.2,116.5,-14.3,ON
On/Off Court,1610612756,PHX,Phoenix Suns,1626220,"O'Neale, Royce",On,4,97.0,-21.7,103.0,122.2,-19.1,ON
On/Off Court,1610612756,PHX,Phoenix Suns,1628960,"Allen, Grayson",Off,4,154.0,-21.2,106.7,127.3,-20.6,OFF
On/Off Court,1610612756,PHX,Phoenix Suns,1626164,"Booker, Devin",Off,4,39.0,-2.5,105.3,106.5,-1.2,OFF
On/Off Court,1610612756,PHX,Phoenix Suns,1631123,"Bouyea, Jamaree",Off,4,182.0,-18.9,109.8,128.6,-18.9,OFF
On/Off Court,1610612756,PHX,Phoenix Suns,1628415,"Brooks, Dillon",Off,4,43.0,-43.8,80.0,124.7,-44.7,OFF
On/Off Court,1610612756,PHX,Phoenix Suns,1629599,"Coffey, Amir",Off,4,186.0,-19.1,110.2,129.6,-19.4,OFF
On/Off Court,1610612756,PHX,Phoenix Suns,1642346,"Dunn, Ryan",Off,4,158.0,-18.2,113.2,131.2,-18.0,OFF
On/Off Court,1610612756,PHX,Phoenix Suns,1642853,"Fleming, Rasheer",Off,4,174.0,-19.9,109.9,130.0,-20.1,OFF
On/Off Court,1610612756,PHX,Phoenix Suns,1631221,"Gillespie, Collin",Off,4,78.0,8.0,116.0,107.7,8.3,OFF
On/Off Court,1610612756,PHX,Phoenix Suns,1630692,"Goodwin, Jordan",Off,4,187.0,-17.7,110.1,128.2,-18.1,OFF
On/Off Court,1610612756,PHX,Phoenix Suns,1630224,"Green, Jalen",Off,4,41.0,-31.4,90.9,118.9,-28.0,OFF
On/Off Court,1610612756,PHX,Phoenix Suns,1629312,"Highsmith, Haywood",Off,4,181.0,-12.2,112.4,124.7,-12.3,OFF
On/Off Court,1610612756,PHX,Phoenix Suns,1642345,"Ighodaro, Oso",Off,4,63.0,-18.2,94.4,115.3,-20.9,OFF
On/Off Court,1610612756,PHX,Phoenix Suns,1642863,"Maluach, Khaman",Off,4,147.0,-18.3,110.8,129.2,-18.4,OFF
On/Off Court,1610612756,PHX,Phoenix Suns,1626220,"O'Neale, Royce",Off,4,95.0,-12.7,115.3,127.2,-11.9,OFF
On/Off Court,1610612756,PHX,Phoenix Suns,1631109,"Williams, Mark",Off,4,192.0,-17.3,109.3,127.2,-17.9,OFF
On/Off Court,1610612757,POR,Portland Trail Blazers,1630166,"Avdija, Deni",On,5,174.0,-17.9,101.9,119.4,-17.4,ON
On/Off Court,1610612757,POR,Portland Trail Blazers,1641739,"Camara, Toumani",On,5,165.0,-12.8,101.8,115.6,-13.9,ON
On/Off Court,1610612757,POR,Portland Trail Blazers,1631321,"Cissoko, Sidy",On,4,26.0,11.0,94.7,87.3,7.5,ON
On/Off Court,1610612757,POR,Portland Trail Blazers,1642270,"Clingan, Donovan",On,5,107.0,-21.1,97.7,117.0,-19.2,ON
On/Off Court,1610612757,POR,Portland Trail Blazers,203924,"Grant, Jerami",On,5,112.0,-19.3,99.2,120.3,-21.1,ON
On/Off Court,1610612757,POR,Portland Trail Blazers,1630703,"Henderson, Scoot",On,5,145.0,-8.6,102.6,110.9,-8.2,ON
On/Off Court,1610612757,POR,Portland Trail Blazers,201950,"Holiday, Jrue",On,5,192.0,-12.3,104.8,118.5,-13.7,ON
On/Off Court,1610612757,POR,Portland Trail Blazers,1630249,"Krejčí, Vít",On,4,16.0,-2.9,86.5,97.1,-10.6,ON
On/Off Court,1610612757,POR,Portland Trail Blazers,1631200,"Murray, Kris",On,5,25.0,-22.9,70.4,90.9,-20.5,ON
On/Off Court,1610612757,POR,Portland Trail Blazers,1631101,"Sharpe, Shaedon",On,5,67.0,1.4,109.7,111.5,-1.8,ON
On/Off Court,1610612757,POR,Portland Trail Blazers,1629680,"Thybulle, Matisse",On,4,53.0,-26.2,98.1,122.0,-23.9,ON
On/Off Court,1610612757,POR,Portland Trail Blazers,1631104,"Wesley, Blake",On,4,5.0,-21.0,27.3,50.0,-22.7,ON
On/Off Court,1610612757,POR,Portland Trail Blazers,1629057,"Williams III, Robert",On,5,108.0,1.8,106.8,108.0,-1.1,ON
On/Off Court,1610612757,POR,Portland Trail Blazers,1642905,Yang Hansen,On,4,5.0,-21.0,27.3,50.0,-22.7,ON
On/Off Court,1610612757,POR,Portland Trail Blazers,1630166,"Avdija, Deni",Off,5,66.0,2.2,98.5,98.5,0.0,OFF
On/Off Court,1610612757,POR,Portland Trail Blazers,1641739,"Camara, Toumani",Off,5,75.0,-11.5,98.7,111.8,-13.1,OFF
On/Off Court,1610612757,POR,Portland Trail Blazers,1631321,"Cissoko, Sidy",Off,5,214.0,-15.3,102.5,119.5,-17.0,OFF
On/Off Court,1610612757,POR,Portland Trail Blazers,1642270,"Clingan, Donovan",Off,5,133.0,-5.4,102.5,111.5,-9.0,OFF
On/Off Court,1610612757,POR,Portland Trail Blazers,203924,"Grant, Jerami",Off,5,128.0,-6.4,102.3,107.2,-4.9,OFF
On/Off Court,1610612757,POR,Portland Trail Blazers,1630703,"Henderson, Scoot",Off,5,95.0,-18.2,97.9,116.5,-18.6,OFF
On/Off Court,1610612757,POR,Portland Trail Blazers,201950,"Holiday, Jrue",Off,5,48.0,-12.9,84.6,98.1,-13.4,OFF
On/Off Court,1610612757,POR,Portland Trail Blazers,1630249,"Krejčí, Vít",Off,5,224.0,-13.1,103.3,117.6,-14.2,OFF
On/Off Court,1610612757,POR,Portland Trail Blazers,203081,"Lillard, Damian",Off,5,240.0,-12.4,102.2,116.6,-14.3,OFF
On/Off Court,1610612757,POR,Portland Trail Blazers,1631200,"Murray, Kris",Off,5,215.0,-11.2,105.2,118.0,-12.7,OFF
On/Off Court,1610612757,POR,Portland Trail Blazers,1631101,"Sharpe, Shaedon",Off,5,173.0,-17.8,98.1,117.5,-19.4,OFF
On/Off Court,1610612757,POR,Portland Trail Blazers,1629680,"Thybulle, Matisse",Off,5,187.0,-8.5,102.3,112.3,-10.0,OFF
On/Off Court,1610612757,POR,Portland Trail Blazers,1631104,"Wesley, Blake",Off,5,235.0,-12.2,104.0,117.5,-13.5,OFF
On/Off Court,1610612757,POR,Portland Trail Blazers,1629057,"Williams III, Robert",Off,5,132.0,-24.1,94.7,119.4,-24.8,OFF
On/Off Court,1610612757,POR,Portland Trail Blazers,1642905,Yang Hansen,Off,5,235.0,-12.2,104.0,117.5,-13.5,OFF
On/Off Court,1610612759,SAS,San Antonio Spurs,203084,"Barnes, Harrison",On,20,183.0,10.0,115.2,102.9,12.3,ON
On/Off Court,1610612759,SAS,San Antonio Spurs,202687,"Biyombo, Bismack",On,9,25.0,-1.9,89.1,89.3,-0.2,ON
On/Off Court,1610612759,SAS,San Antonio Spurs,1642868,"Bryant, Carter",On,20,176.0,4.6,114.8,103.9,10.9,ON
On/Off Court,1610612759,SAS,San Antonio Spurs,1642264,"Castle, Stephon",On,21,702.0,5.9,112.7,105.8,6.9,ON
On/Off Court,1610612759,SAS,San Antonio Spurs,1630577,"Champagnie, Julian",On,21,641.0,10.6,114.0,103.4,10.6,ON
On/Off Court,1610612759,SAS,San Antonio Spurs,1628368,"Fox, De'Aaron",On,19,630.0,8.9,112.3,103.5,8.8,ON
On/Off Court,1610612759,SAS,San Antonio Spurs,1642844,"Harper, Dylan",On,21,552.0,12.3,114.1,101.6,12.6,ON
On/Off Court,1610612759,SAS,San Antonio Spurs,1629640,"Johnson, Keldon",On,21,376.0,2.2,110.9,107.1,3.8,ON
On/Off Court,1610612759,SAS,San Antonio Spurs,1628436,"Kornet, Luke",On,21,281.0,-5.1,105.1,109.2,-4.2,ON
On/Off Court,1610612759,SAS,San Antonio Spurs,1629162,"McLaughlin, Jordan",On,10,46.0,-3.1,108.0,107.8,0.2,ON
On/Off Court,1610612759,SAS,San Antonio Spurs,203482,"Olynyk, Kelly",On,9,35.0,6.9,100.0,93.5,6.5,ON
On/Off Court,1610612759,SAS,San Antonio Spurs,203486,"Plumlee, Mason",On,6,18.0,-5.2,97.5,100.0,-2.5,ON
On/Off Court,1610612759,SAS,San Antonio Spurs,1630170,"Vassell, Devin",On,21,721.0,10.6,112.6,102.9,9.8,ON
On/Off Court,1610612759,SAS,San Antonio Spurs,1630322,"Waters III, Lindy",On,9,34.0,8.5,95.9,87.8,8.1,ON
On/Off Court,1610612759,SAS,San Antonio Spurs,1641705,"Wembanyama, Victor",On,20,669.0,14.2,114.7,100.3,14.4,ON
On/Off Court,1610612759,SAS,San Antonio Spurs,203084,"Barnes, Harrison",Off,21,835.0,8.0,113.4,104.6,8.7,OFF
On/Off Court,1610612759,SAS,San Antonio Spurs,202687,"Biyombo, Bismack",Off,21,993.0,8.7,115.0,105.7,9.3,OFF
On/Off Court,1610612759,SAS,San Antonio Spurs,1642868,"Bryant, Carter",Off,21,842.0,9.2,113.5,104.2,9.3,OFF
On/Off Court,1610612759,SAS,San Antonio Spurs,1642264,"Castle, Stephon",Off,21,316.0,13.8,111.6,98.1,13.5,OFF
On/Off Court,1610612759,SAS,San Antonio Spurs,1630577,"Champagnie, Julian",Off,21,377.0,4.7,108.7,103.1,5.6,OFF
On/Off Court,1610612759,SAS,San Antonio Spurs,1628368,"Fox, De'Aaron",Off,21,388.0,7.5,110.4,101.7,8.7,OFF
On/Off Court,1610612759,SAS,San Antonio Spurs,1642844,"Harper, Dylan",Off,21,466.0,3.8,109.1,104.8,4.3,OFF
On/Off Court,1610612759,SAS,San Antonio Spurs,1631127,"Ingram, Harrison",Off,1,48.0,13.0,116.8,102.1,14.8,OFF
On/Off Court,1610612759,SAS,San Antonio Spurs,1629640,"Johnson, Keldon",Off,21,642.0,12.0,113.3,101.0,12.3,OFF
On/Off Court,1610612759,SAS,San Antonio Spurs,1642357,"Jones Garcia, David",Off,1,48.0,13.0,116.8,102.1,14.8,OFF
On/Off Court,1610612759,SAS,San Antonio Spurs,1628436,"Kornet, Luke",Off,21,737.0,13.6,114.7,100.8,13.9,OFF
On/Off Court,1610612759,SAS,San Antonio Spurs,1629162,"McLaughlin, Jordan",Off,21,972.0,8.9,114.6,105.1,9.5,OFF
On/Off Court,1610612759,SAS,San Antonio Spurs,1641801,"Miller, Emanuel",Off,1,48.0,13.0,116.8,102.1,14.8,OFF
On/Off Court,1610612759,SAS,San Antonio Spurs,203482,"Olynyk, Kelly",Off,21,983.0,8.4,114.8,105.7,9.1,OFF
On/Off Court,1610612759,SAS,San Antonio Spurs,203486,"Plumlee, Mason",Off,21,1000.0,8.6,114.7,105.3,9.4,OFF
On/Off Court,1610612759,SAS,San Antonio Spurs,1630170,"Vassell, Devin",Off,21,297.0,3.1,111.9,106.2,5.7,OFF
On/Off Court,1610612759,SAS,San Antonio Spurs,1630322,"Waters III, Lindy",Off,21,984.0,8.4,114.8,105.9,8.9,OFF
On/Off Court,1610612759,SAS,San Antonio Spurs,1641705,"Wembanyama, Victor",Off,21,349.0,-2.7,107.9,109.2,-1.4,OFF
On/Off Court,1610612760,OKC,Oklahoma City Thunder,1627936,"Caruso, Alex",On,15,353.0,16.5,120.1,103.7,16.4,ON
On/Off Court,1610612760,OKC,Oklahoma City Thunder,1629652,"Dort, Luguentz",On,15,335.0,-2.7,115.3,117.3,-2.0,ON
On/Off Court,1610612760,OKC,Oklahoma City Thunder,1628983,"Gilgeous-Alexander, Shai",On,15,544.0,3.4,116.3,113.8,2.5,ON
On/Off Court,1610612760,OKC,Oklahoma City Thunder,1628392,"Hartenstein, Isaiah",On,15,350.0,7.3,117.8,110.5,7.3,ON
On/Off Court,1610612760,OKC,Oklahoma City Thunder,1631096,"Holmgren, Chet",On,15,459.0,7.1,118.8,111.5,7.3,ON
On/Off Court,1610612760,OKC,Oklahoma City Thunder,1630198,"Joe, Isaiah",On,13,143.0,-5.4,102.6,108.9,-6.3,ON
On/Off Court,1610612760,OKC,Oklahoma City Thunder,1642272,"McCain, Jared",On,15,258.0,7.2,113.7,108.2,5.5,ON
On/Off Court,1610612760,OKC,Oklahoma City Thunder,1642349,"Mitchell, Ajay",On,11,317.0,22.9,125.7,103.0,22.7,ON
On/Off Court,1610612760,OKC,Oklahoma City Thunder,1642260,"Topić, Nikola",On,9,22.0,-19.6,79.6,104.3,-24.8,ON
On/Off Court,1610612760,OKC,Oklahoma City Thunder,1641717,"Wallace, Cason",On,15,374.0,6.5,113.9,106.3,7.6,ON
On/Off Court,1610612760,OKC,Oklahoma City Thunder,1630598,"Wiggins, Aaron",On,13,75.0,0.0,103.8,107.9,-4.1,ON
On/Off Court,1610612760,OKC,Oklahoma City Thunder,1631114,"Williams, Jalen",On,5,107.0,9.0,111.6,102.7,8.9,ON
On/Off Court,1610612760,OKC,Oklahoma City Thunder,1631119,"Williams, Jaylin",On,15,240.0,8.8,111.0,106.1,4.9,ON
On/Off Court,1610612760,OKC,Oklahoma City Thunder,1629026,"Williams, Kenrich",On,11,72.0,-4.7,97.5,105.2,-7.8,ON
On/Off Court,1610612760,OKC,Oklahoma City Thunder,1627936,"Caruso, Alex",Off,15,377.0,-1.8,110.1,114.8,-4.7,OFF
On/Off Court,1610612760,OKC,Oklahoma City Thunder,1629652,"Dort, Luguentz",Off,15,395.0,15.3,116.1,102.7,13.4,OFF
On/Off Court,1610612760,OKC,Oklahoma City Thunder,1628983,"Gilgeous-Alexander, Shai",Off,15,186.0,17.6,116.4,96.9,19.6,OFF
On/Off Court,1610612760,OKC,Oklahoma City Thunder,1628392,"Hartenstein, Isaiah",Off,15,380.0,6.8,112.2,107.4,4.8,OFF
On/Off Court,1610612760,OKC,Oklahoma City Thunder,1631096,"Holmgren, Chet",Off,15,271.0,6.9,109.8,104.4,5.4,OFF
On/Off Court,1610612760,OKC,Oklahoma City Thunder,1630198,"Joe, Isaiah",Off,15,587.0,10.1,120.4,109.8,10.6,OFF
On/Off Court,1610612760,OKC,Oklahoma City Thunder,1642272,"McCain, Jared",Off,15,472.0,6.9,117.5,109.6,7.9,OFF
On/Off Court,1610612760,OKC,Oklahoma City Thunder,1642349,"Mitchell, Ajay",Off,15,413.0,-5.1,108.8,113.9,-5.0,OFF
On/Off Court,1610612760,OKC,Oklahoma City Thunder,1642850,"Sorber, Thomas",Off,15,730.0,7.0,117.5,110.8,6.7,OFF
On/Off Court,1610612760,OKC,Oklahoma City Thunder,1642260,"Topić, Nikola",Off,15,708.0,7.9,118.6,110.8,7.8,OFF
On/Off Court,1610612760,OKC,Oklahoma City Thunder,1641717,"Wallace, Cason",Off,15,356.0,7.6,117.1,112.0,5.0,OFF
On/Off Court,1610612760,OKC,Oklahoma City Thunder,1630598,"Wiggins, Aaron",Off,15,655.0,7.8,118.6,110.7,7.8,OFF
On/Off Court,1610612760,OKC,Oklahoma City Thunder,1631114,"Williams, Jalen",Off,15,623.0,6.7,117.7,111.5,6.2,OFF
On/Off Court,1610612760,OKC,Oklahoma City Thunder,1631119,"Williams, Jaylin",Off,15,490.0,6.2,116.8,110.0,6.8,OFF
On/Off Court,1610612760,OKC,Oklahoma City Thunder,1629026,"Williams, Kenrich",Off,15,658.0,8.3,119.0,111.1,7.9,OFF
On/Off Court,1610612761,TOR,Toronto Raptors,1630567,"Barnes, Scottie",On,7,273.0,-0.5,111.7,111.7,0.1,ON
On/Off Court,1610612761,TOR,Toronto Raptors,1629628,"Barrett, RJ",On,7,271.0,0.7,115.2,112.4,2.8,ON
On/Off Court,1610612761,TOR,Toronto Raptors,1642419,"Battle, Jamison",On,6,71.0,-0.7,114.9,114.0,0.9,ON
On/Off Court,1610612761,TOR,Toronto Raptors,1641711,"Dick, Gradey",On,3,4.0,-12.0,75.0,77.8,-2.8,ON
On/Off Court,1610612761,TOR,Toronto Raptors,1627742,"Ingram, Brandon",On,5,148.0,-6.5,109.0,115.5,-6.5,ON
On/Off Court,1610612761,TOR,Toronto Raptors,1631218,"Jackson-Davis, Trayce",On,3,4.0,-12.0,75.0,87.5,-12.5,ON
On/Off Court,1610612761,TOR,Toronto Raptors,1630639,"Lawson, A.J.",On,7,51.0,6.6,116.5,110.8,5.7,ON
On/Off Court,1610612761,TOR,Toronto Raptors,1630572,"Mamukelashvili, Sandro",On,7,104.0,1.4,113.4,110.5,2.9,ON
On/Off Court,1610612761,TOR,Toronto Raptors,1642367,"Mogbo, Jonathan",On,3,4.0,-12.0,75.0,77.8,-2.8,ON
On/Off Court,1610612761,TOR,Toronto Raptors,1642867,"Murray-Boyles, Collin",On,7,191.0,-3.3,111.5,113.4,-2.0,ON
On/Off Court,1610612761,TOR,Toronto Raptors,1627751,"Poeltl, Jakob",On,7,134.0,1.8,109.1,107.3,1.7,ON
On/Off Court,1610612761,TOR,Toronto Raptors,1642347,"Shead, Jamal",On,7,224.0,2.8,112.4,107.6,4.8,ON
On/Off Court,1610612761,TOR,Toronto Raptors,202066,"Temple, Garrett",On,2,2.0,-72.4,50.0,125.0,-75.0,ON
On/Off Court,1610612761,TOR,Toronto Raptors,1642266,"Walter, Ja'Kobe",On,7,224.0,-10.5,102.4,111.1,-8.7,ON
On/Off Court,1610612761,TOR,Toronto Raptors,1630567,"Barnes, Scottie",Off,7,68.0,-6.4,107.0,107.3,-0.3,OFF
On/Off Court,1610612761,TOR,Toronto Raptors,1629628,"Barrett, RJ",Off,7,70.0,-11.0,94.0,104.6,-10.6,OFF
On/Off Court,1610612761,TOR,Toronto Raptors,1642419,"Battle, Jamison",Off,7,270.0,-2.0,109.9,111.1,-1.2,OFF
On/Off Court,1610612761,TOR,Toronto Raptors,1641711,"Dick, Gradey",Off,7,337.0,-1.6,112.3,113.5,-1.1,OFF
On/Off Court,1610612761,TOR,Toronto Raptors,1642935,"Hepburn, Chucky",Off,1,48.0,-10.0,107.1,116.2,-9.0,OFF
On/Off Court,1610612761,TOR,Toronto Raptors,1627742,"Ingram, Brandon",Off,7,193.0,2.0,112.2,109.5,2.6,OFF
On/Off Court,1610612761,TOR,Toronto Raptors,1631218,"Jackson-Davis, Trayce",Off,7,337.0,-1.6,112.3,113.3,-0.9,OFF
On/Off Court,1610612761,TOR,Toronto Raptors,1630639,"Lawson, A.J.",Off,7,290.0,-3.1,110.3,112.4,-2.1,OFF
On/Off Court,1610612761,TOR,Toronto Raptors,1630572,"Mamukelashvili, Sandro",Off,7,237.0,-3.0,109.4,110.9,-1.5,OFF
On/Off Court,1610612761,TOR,Toronto Raptors,1642918,"Martin, Alijah",Off,1,48.0,-10.0,107.1,116.2,-9.0,OFF
On/Off Court,1610612761,TOR,Toronto Raptors,1642367,"Mogbo, Jonathan",Off,7,337.0,-1.6,112.3,113.5,-1.1,OFF
On/Off Court,1610612761,TOR,Toronto Raptors,1642867,"Murray-Boyles, Collin",Off,7,150.0,0.3,109.6,107.6,2.0,OFF
On/Off Court,1610612761,TOR,Toronto Raptors,1627751,"Poeltl, Jakob",Off,7,207.0,-3.9,111.4,114.7,-3.3,OFF
On/Off Court,1610612761,TOR,Toronto Raptors,1630193,"Quickley, Immanuel",Off,7,341.0,-1.7,111.9,113.0,-1.1,OFF
On/Off Court,1610612761,TOR,Toronto Raptors,1642347,"Shead, Jamal",Off,7,117.0,-10.3,106.1,114.8,-8.7,OFF
On/Off Court,1610612761,TOR,Toronto Raptors,202066,"Temple, Garrett",Off,7,339.0,-1.3,112.3,112.9,-0.7,OFF
On/Off Court,1610612761,TOR,Toronto Raptors,1642266,"Walter, Ja'Kobe",Off,7,117.0,15.2,126.8,109.2,17.6,OFF
On/Off Court,1610612765,DET,Detroit Pistons,1630595,"Cunningham, Cade",On,14,572.0,2.9,110.6,107.1,3.5,ON
On/Off Court,1610612765,DET,Detroit Pistons,1631105,"Duren, Jalen",On,14,422.0,-0.7,112.1,112.4,-0.3,ON
On/Off Court,1610612765,DET,Detroit Pistons,1629750,"Green, Javonte",On,11,132.0,1.8,99.6,93.8,5.8,ON
On/Off Court,1610612765,DET,Detroit Pistons,202699,"Harris, Tobias",On,14,485.0,1.0,112.3,110.6,1.6,ON
On/Off Court,1610612765,DET,Detroit Pistons,1641842,"Holland II, Ronald",On,9,58.0,12.5,105.0,89.5,15.5,ON
On/Off Court,1610612765,DET,Detroit Pistons,1628989,"Huerter, Kevin",On,5,46.0,4.2,95.9,93.8,2.2,ON
On/Off Court,1610612765,DET,Detroit Pistons,1642450,"Jenkins, Daniss",On,14,318.0,-3.5,103.7,106.5,-2.8,ON
On/Off Court,1610612765,DET,Detroit Pistons,1642404,"Lanier, Chaz",On,3,8.0,32.0,93.8,62.5,31.3,ON
On/Off Court,1610612765,DET,Detroit Pistons,1627747,"LeVert, Caris",On,13,216.0,3.3,113.3,109.4,4.0,ON
On/Off Court,1610612765,DET,Detroit Pistons,1630194,"Reed, Paul",On,9,86.0,6.7,110.9,100.6,10.3,ON
On/Off Court,1610612765,DET,Detroit Pistons,1629130,"Robinson, Duncan",On,13,383.0,0.3,108.8,109.8,-1.0,ON
On/Off Court,1610612765,DET,Detroit Pistons,1631204,"Sasser, Marcus",On,6,61.0,21.9,123.8,100.8,23.0,ON
On/Off Court,1610612765,DET,Detroit Pistons,1642449,"Smith, Tolu",On,3,7.0,27.3,100.0,68.8,31.3,ON
On/Off Court,1610612765,DET,Detroit Pistons,1630191,"Stewart, Isaiah",On,14,165.0,1.7,98.8,94.8,4.0,ON
On/Off Court,1610612765,DET,Detroit Pistons,1641709,"Thompson, Ausar",On,14,427.0,0.4,108.0,105.5,2.5,ON
On/Off Court,1610612765,DET,Detroit Pistons,1630595,"Cunningham, Cade",Off,14,105.0,-5.0,98.2,101.4,-3.2,OFF
On/Off Court,1610612765,DET,Detroit Pistons,1631105,"Duren, Jalen",Off,14,255.0,5.5,102.9,95.1,7.8,OFF
On/Off Court,1610612765,DET,Detroit Pistons,1629750,"Green, Javonte",Off,14,545.0,1.6,112.5,110.3,2.2,OFF
On/Off Court,1610612765,DET,Detroit Pistons,202699,"Harris, Tobias",Off,14,192.0,3.2,101.8,96.0,5.8,OFF
On/Off Court,1610612765,DET,Detroit Pistons,1641842,"Holland II, Ronald",Off,14,619.0,0.6,110.4,109.6,0.7,OFF
On/Off Court,1610612765,DET,Detroit Pistons,1628989,"Huerter, Kevin",Off,14,631.0,1.4,110.9,108.8,2.1,OFF
On/Off Court,1610612765,DET,Detroit Pistons,1642450,"Jenkins, Daniss",Off,14,359.0,6.1,112.6,106.0,6.6,OFF
On/Off Court,1610612765,DET,Detroit Pistons,1642404,"Lanier, Chaz",Off,14,670.0,1.3,110.5,108.5,2.0,OFF
On/Off Court,1610612765,DET,Detroit Pistons,1627747,"LeVert, Caris",Off,14,461.0,0.8,107.1,105.6,1.6,OFF
On/Off Court,1610612765,DET,Detroit Pistons,1630194,"Reed, Paul",Off,14,591.0,0.9,109.9,108.1,1.9,OFF
On/Off Court,1610612765,DET,Detroit Pistons,1629130,"Robinson, Duncan",Off,14,294.0,3.4,107.9,101.2,6.8,OFF
On/Off Court,1610612765,DET,Detroit Pistons,1631204,"Sasser, Marcus",Off,14,616.0,-0.4,108.7,108.3,0.4,OFF
On/Off Court,1610612765,DET,Detroit Pistons,1642449,"Smith, Tolu",Off,14,670.0,1.4,110.5,108.4,2.1,OFF
On/Off Court,1610612765,DET,Detroit Pistons,1630191,"Stewart, Isaiah",Off,14,512.0,1.6,112.4,110.8,1.6,OFF
On/Off Court,1610612765,DET,Detroit Pistons,1641709,"Thompson, Ausar",Off,14,250.0,3.7,109.5,106.5,3.1,OFF
