PLAYER_ID,PLAYER_NAME_LAST_FIRST,SORT_ORDER,GP,G,SHOT_TYPE,FGA_FREQUENCY,FGM,FGA,FG_PCT,EFG_PCT,FG2A_FREQUENCY,FG2M,FG2A,FG2_PCT,FG3A_FREQUENCY,FG3M,FG3A,FG3_PCT
1630639,"Lawson, A.J.",1,7,6,Overall,1.0,4,16,0.25,0.313,0.5,2,8,0.25,0.5,2,8,0.25
203932,"Gordon, Aaron",1,3,3,Overall,1.0,12,30,0.4,0.45,0.533,9,16,0.563,0.467,3,14,0.214
1628988,"Holiday, Aaron",1,6,6,Overall,1.0,6,22,0.273,0.364,0.318,2,7,0.286,0.682,4,15,0.267
1630598,"Wiggins, Aaron",1,13,8,Overall,1.0,9,25,0.36,0.38,0.64,8,16,0.5,0.36,1,9,0.111
1641737,"Bona, Adem",1,10,5,Overall,1.0,8,16,0.5,0.5,1.0,8,16,0.5,0.0,0,0,
1642876,"Thiero, Adou",1,6,4,Overall,1.0,3,6,0.5,0.5,0.667,3,4,0.75,0.333,0,2,0.0
1642349,"Mitchell, Ajay",1,11,11,Overall,1.0,63,137,0.46,0.507,0.708,50,97,0.515,0.292,13,40,0.325
1627936,"Caruso, Alex",1,15,15,Overall,1.0,55,115,0.478,0.622,0.357,22,41,0.537,0.643,33,74,0.446
1630578,"Sengun, Alperen",1,6,6,Overall,1.0,46,99,0.465,0.47,0.919,45,91,0.495,0.081,1,8,0.125
1642873,"Williams, Amari",1,1,1,Overall,1.0,0,1,0.0,0.0,1.0,0,1,0.0,0.0,0,0,
1641708,"Thompson, Amen",1,6,6,Overall,1.0,42,86,0.488,0.5,0.907,40,78,0.513,0.093,2,8,0.25
203083,"Drummond, Andre",1,11,10,Overall,1.0,16,23,0.696,0.783,0.652,12,15,0.8,0.348,4,8,0.5
1641710,"Black, Anthony",1,7,7,Overall,1.0,20,54,0.37,0.435,0.593,13,32,0.406,0.407,7,22,0.318
1630162,"Edwards, Anthony",1,10,10,Overall,1.0,77,180,0.428,0.483,0.65,57,117,0.487,0.35,20,63,0.317
1630574,"Hukporti, Ariel",1,8,5,Overall,1.0,5,11,0.455,0.455,0.909,5,10,0.5,0.091,0,1,0.0
1642854,"Newell, Asa",1,2,1,Overall,1.0,1,2,0.5,0.5,1.0,1,2,0.5,0.0,0,0,
1641709,"Thompson, Ausar",1,14,14,Overall,1.0,49,97,0.505,0.51,0.928,48,90,0.533,0.072,1,7,0.143
1630559,"Reaves, Austin",1,6,6,Overall,1.0,37,91,0.407,0.456,0.615,28,56,0.5,0.385,9,35,0.257
1630245,"Dosunmu, Ayo",1,10,10,Overall,1.0,57,114,0.5,0.575,0.649,40,74,0.541,0.351,17,40,0.425
1631248,"Scheierman, Baylor",1,7,7,Overall,1.0,11,26,0.423,0.577,0.192,3,5,0.6,0.808,8,21,0.381
202687,"Biyombo, Bismack",1,9,4,Overall,1.0,3,7,0.429,0.429,1.0,3,7,0.429,0.0,0,0,
1630538,"Hyland, Bones",1,10,10,Overall,1.0,15,50,0.3,0.39,0.32,6,16,0.375,0.68,9,34,0.265
1627742,"Ingram, Brandon",1,5,5,Overall,1.0,19,58,0.328,0.371,0.776,14,45,0.311,0.224,5,13,0.385
1642355,"James, Bronny",1,8,5,Overall,1.0,5,10,0.5,0.6,0.4,3,4,0.75,0.6,2,6,0.333
1628971,"Brown, Bruce",1,6,6,Overall,1.0,15,34,0.441,0.485,0.676,12,23,0.522,0.324,3,11,0.273
1627741,"Hield, Buddy",1,2,2,Overall,1.0,4,5,0.8,1.0,0.6,2,3,0.667,0.4,2,2,1.0
203468,"McCollum, CJ",1,6,6,Overall,1.0,46,99,0.465,0.515,0.667,36,66,0.545,0.333,10,33,0.303
1630595,"Cunningham, Cade",1,14,14,Overall,1.0,127,294,0.432,0.502,0.653,86,192,0.448,0.347,41,102,0.402
1629661,"Johnson, Cameron",1,6,6,Overall,1.0,31,62,0.5,0.589,0.435,20,27,0.741,0.565,11,35,0.314
1627747,"LeVert, Caris",1,13,13,Overall,1.0,29,65,0.446,0.523,0.585,19,38,0.5,0.415,10,27,0.37
1642868,"Bryant, Carter",1,20,16,Overall,1.0,20,41,0.488,0.622,0.317,9,13,0.692,0.683,11,28,0.393
1641717,"Wallace, Cason",1,15,15,Overall,1.0,46,96,0.479,0.635,0.354,16,34,0.471,0.646,30,62,0.484
1642404,"Lanier, Chaz",1,3,2,Overall,1.0,1,3,0.333,0.333,0.667,1,2,0.5,0.333,0,1,0.0
1631096,"Holmgren, Chet",1,15,15,Overall,1.0,83,146,0.568,0.62,0.712,68,104,0.654,0.288,15,42,0.357
1631128,"Braun, Christian",1,6,6,Overall,1.0,15,36,0.417,0.5,0.611,9,22,0.409,0.389,6,14,0.429
203991,"Capela, Clint",1,4,4,Overall,1.0,3,8,0.375,0.375,1.0,3,8,0.375,0.0,0,0,
1631221,"Gillespie, Collin",1,4,4,Overall,1.0,16,36,0.444,0.583,0.306,6,11,0.545,0.694,10,25,0.4
1642867,"Murray-Boyles, Collin",1,7,7,Overall,1.0,42,64,0.656,0.656,0.953,42,61,0.689,0.047,0,3,0.0
1630557,"Kispert, Corey",1,5,5,Overall,1.0,4,22,0.182,0.205,0.455,3,10,0.3,0.545,1,12,0.083
1641854,"Porter Jr., Craig",1,7,2,Overall,1.0,1,3,0.333,0.333,0.667,1,2,0.5,0.333,0,1,0.0
1630625,"Banton, Dalano",1,2,1,Overall,1.0,1,1,1.0,1.0,1.0,1,1,1.0,0.0,0,0,
1631207,"Terry, Dalen",1,7,5,Overall,1.0,4,13,0.308,0.385,0.615,2,8,0.25,0.385,2,5,0.4
1642261,"Knecht, Dalton",1,5,5,Overall,1.0,3,8,0.375,0.5,0.375,1,3,0.333,0.625,2,5,0.4
1642450,"Jenkins, Daniss",1,14,14,Overall,1.0,44,122,0.361,0.426,0.516,28,63,0.444,0.484,16,59,0.271
1628368,"Fox, De'Aaron",1,19,19,Overall,1.0,116,271,0.428,0.474,0.686,91,186,0.489,0.314,25,85,0.294
1629731,"Wade, Dean",1,18,17,Overall,1.0,30,65,0.462,0.6,0.262,12,17,0.706,0.738,18,48,0.375
1629028,"Ayton, Deandre",1,10,10,Overall,1.0,46,84,0.548,0.548,1.0,46,84,0.548,0.0,0,0,
1630166,"Avdija, Deni",1,5,5,Overall,1.0,35,78,0.449,0.494,0.744,28,58,0.483,0.256,7,20,0.35
203471,"Schröder, Dennis",1,17,17,Overall,1.0,32,84,0.381,0.446,0.607,21,51,0.412,0.393,11,33,0.333
1628401,"White, Derrick",1,7,7,Overall,1.0,26,81,0.321,0.414,0.321,11,26,0.423,0.679,15,55,0.273
1630217,"Bane, Desmond",1,7,7,Overall,1.0,43,110,0.391,0.505,0.473,18,52,0.346,0.527,25,58,0.431
1626164,"Booker, Devin",1,4,4,Overall,1.0,29,63,0.46,0.5,0.683,24,43,0.558,0.317,5,20,0.25
1630170,"Vassell, Devin",1,21,21,Overall,1.0,94,226,0.416,0.524,0.403,45,91,0.495,0.597,49,135,0.363
1628415,"Brooks, Dillon",1,4,4,Overall,1.0,39,85,0.459,0.541,0.624,25,53,0.472,0.376,14,32,0.438
1631230,"Barlow, Dominick",1,9,6,Overall,1.0,10,17,0.588,0.588,0.941,10,16,0.625,0.059,0,1,0.0
1642270,"Clingan, Donovan",1,5,5,Overall,1.0,14,46,0.304,0.359,0.457,9,21,0.429,0.543,5,25,0.2
1628378,"Mitchell, Donovan",1,18,18,Overall,1.0,171,379,0.451,0.518,0.588,120,223,0.538,0.412,51,156,0.327
1628978,"DiVincenzo, Donte",1,4,4,Overall,1.0,16,32,0.5,0.672,0.281,5,9,0.556,0.719,11,23,0.478
1627827,"Finney-Smith, Dorian",1,4,4,Overall,1.0,2,14,0.143,0.214,0.214,0,3,0.0,0.786,2,11,0.182
1629130,"Robinson, Duncan",1,13,13,Overall,1.0,51,114,0.447,0.627,0.211,10,24,0.417,0.789,41,90,0.456
1642844,"Harper, Dylan",1,21,21,Overall,1.0,102,202,0.505,0.55,0.708,84,143,0.587,0.292,18,59,0.305
1630700,"Daniels, Dyson",1,6,6,Overall,1.0,18,41,0.439,0.488,0.659,14,27,0.519,0.341,4,14,0.286
1630596,"Mobley, Evan",1,18,18,Overall,1.0,114,213,0.535,0.592,0.667,90,142,0.634,0.333,24,71,0.338
1630532,"Wagner, Franz",1,4,4,Overall,1.0,25,57,0.439,0.465,0.842,22,48,0.458,0.158,3,9,0.333
1629216,"Vincent, Gabe",1,6,6,Overall,1.0,8,22,0.364,0.5,0.182,2,4,0.5,0.818,6,18,0.333
202066,"Temple, Garrett",1,2,1,Overall,1.0,0,1,0.0,0.0,1.0,0,1,0.0,0.0,0,0,
1629048,"Bitadze, Goga",1,6,5,Overall,1.0,6,15,0.4,0.4,1.0,6,15,0.4,0.0,0,0,
1628960,"Allen, Grayson",1,2,2,Overall,1.0,6,13,0.462,0.615,0.154,2,2,1.0,0.846,4,11,0.364
203084,"Barnes, Harrison",1,20,16,Overall,1.0,13,39,0.333,0.41,0.333,7,13,0.538,0.667,6,26,0.231
1629312,"Highsmith, Haywood",1,2,1,Overall,1.0,0,2,0.0,0.0,0.0,0,0,,1.0,0,2,0.0
1642864,"González, Hugo",1,4,1,Overall,1.0,0,3,0.0,0.0,0.0,0,0,,1.0,0,3,0.0
1628392,"Hartenstein, Isaiah",1,15,15,Overall,1.0,57,90,0.633,0.633,0.989,57,89,0.64,0.011,0,1,0.0
1630198,"Joe, Isaiah",1,13,11,Overall,1.0,23,55,0.418,0.564,0.164,7,9,0.778,0.836,16,46,0.348
1630191,"Stewart, Isaiah",1,14,13,Overall,1.0,20,34,0.588,0.647,0.765,16,26,0.615,0.235,4,8,0.5
1642266,"Walter, Ja'Kobe",1,7,7,Overall,1.0,25,67,0.373,0.5,0.224,8,15,0.533,0.776,17,52,0.327
1631095,"Smith Jr., Jabari",1,6,6,Overall,1.0,33,85,0.388,0.5,0.4,14,34,0.412,0.6,19,51,0.373
1631133,"Walker, Jabari",1,6,5,Overall,1.0,1,10,0.1,0.1,0.5,1,5,0.2,0.5,0,5,0.0
1630183,"McDaniels, Jaden",1,12,12,Overall,1.0,78,176,0.443,0.472,0.761,68,134,0.507,0.239,10,42,0.238
1630256,"Tate, Jae'Sean",1,5,4,Overall,1.0,3,10,0.3,0.3,0.6,3,6,0.5,0.4,0,4,0.0
1631222,"LaRavia, Jake",1,8,8,Overall,1.0,9,27,0.333,0.37,0.741,7,20,0.35,0.259,2,7,0.286
1627751,"Poeltl, Jakob",1,7,7,Overall,1.0,20,31,0.645,0.645,1.0,20,31,0.645,0.0,0,0,
1628973,"Brunson, Jalen",1,17,17,Overall,1.0,166,361,0.46,0.512,0.695,128,251,0.51,0.305,38,110,0.345
1631105,"Duren, Jalen",1,14,14,Overall,1.0,56,109,0.514,0.514,1.0,56,109,0.514,0.0,0,0,
1630224,"Green, Jalen",1,4,4,Overall,1.0,32,83,0.386,0.428,0.59,25,49,0.51,0.41,7,34,0.206
1630552,"Johnson, Jalen",1,6,6,Overall,1.0,40,92,0.435,0.484,0.663,31,61,0.508,0.337,9,31,0.29
1630591,"Suggs, Jalen",1,7,7,Overall,1.0,26,87,0.299,0.374,0.379,13,33,0.394,0.621,13,54,0.241
1631114,"Williams, Jalen",1,5,5,Overall,1.0,29,56,0.518,0.563,0.786,24,44,0.545,0.214,5,12,0.417
1631288,"Cain, Jamal",1,7,7,Overall,1.0,12,29,0.414,0.466,0.586,9,17,0.529,0.414,3,12,0.25
1627750,"Murray, Jamal",1,6,6,Overall,1.0,46,129,0.357,0.399,0.674,35,87,0.402,0.326,11,42,0.262
1642347,"Shead, Jamal",1,7,7,Overall,1.0,23,65,0.354,0.462,0.354,9,23,0.391,0.646,14,42,0.333
1631123,"Bouyea, Jamaree",1,4,2,Overall,1.0,2,4,0.5,0.5,1.0,2,4,0.5,0.0,0,0,
201935,"Harden, James",1,18,18,Overall,1.0,102,249,0.41,0.486,0.49,64,122,0.525,0.51,38,127,0.299
1642419,"Battle, Jamison",1,6,6,Overall,1.0,11,19,0.579,0.763,0.421,4,8,0.5,0.579,7,11,0.636
1642272,"McCain, Jared",1,15,14,Overall,1.0,56,136,0.412,0.507,0.485,30,66,0.455,0.515,26,70,0.371
1629020,"Vanderbilt, Jarred",1,7,7,Overall,1.0,9,22,0.409,0.432,0.591,8,13,0.615,0.409,1,9,0.111
1628386,"Allen, Jarrett",1,18,18,Overall,1.0,87,137,0.635,0.635,1.0,87,137,0.635,0.0,0,0,
1642859,"Richardson, Jase",1,1,1,Overall,1.0,2,2,1.0,1.5,0.0,0,0,,1.0,2,2,1.0
1629750,"Green, Javonte",1,11,8,Overall,1.0,9,30,0.3,0.417,0.1,2,3,0.667,0.9,7,27,0.259
1629637,"Hayes, Jaxson",1,10,8,Overall,1.0,19,28,0.679,0.679,0.964,19,27,0.704,0.036,0,1,0.0
1627759,"Brown, Jaylen",1,7,7,Overall,1.0,65,143,0.455,0.514,0.706,48,101,0.475,0.294,17,42,0.405
1641740,"Clark, Jaylen",1,6,5,Overall,1.0,3,12,0.25,0.333,0.333,1,4,0.25,0.667,2,8,0.25
1631119,"Williams, Jaylin",1,15,13,Overall,1.0,26,65,0.4,0.538,0.231,8,15,0.533,0.769,18,50,0.36
1642281,"Tyson, Jaylon",1,17,17,Overall,1.0,25,69,0.362,0.428,0.449,16,31,0.516,0.551,9,38,0.237
1628369,"Tatum, Jayson",1,6,6,Overall,1.0,48,101,0.475,0.569,0.485,29,49,0.592,0.515,19,52,0.365
201145,"Green, Jeff",1,2,1,Overall,1.0,0,2,0.0,0.0,0.5,0,1,0.0,0.5,0,1,0.0
203924,"Grant, Jerami",1,5,5,Overall,1.0,15,43,0.349,0.407,0.651,10,28,0.357,0.349,5,15,0.333
1631110,"Sochan, Jeremy",1,6,3,Overall,1.0,7,8,0.875,0.938,0.75,6,6,1.0,0.25,1,2,0.5
1641724,"Howard, Jett",1,1,1,Overall,1.0,0,2,0.0,0.0,0.0,0,0,,1.0,0,2,0.0
1628975,"Carter, Jevon",1,3,3,Overall,1.0,1,4,0.25,0.25,0.5,1,2,0.5,0.5,0,2,0.0
1642866,"Beringer, Joan",1,5,4,Overall,1.0,5,9,0.556,0.556,1.0,5,9,0.556,0.0,0,0,
204060,"Ingles, Joe",1,3,1,Overall,1.0,2,3,0.667,1.0,0.0,0,0,,1.0,2,3,0.667
203954,"Embiid, Joel",1,7,7,Overall,1.0,57,124,0.46,0.48,0.774,52,96,0.542,0.226,5,28,0.179
1641780,"Broome, Johni",1,2,2,Overall,1.0,3,6,0.5,0.583,0.333,2,2,1.0,0.667,1,4,0.25
202685,"Valančiūnas, Jonas",1,4,2,Overall,1.0,5,7,0.714,0.714,1.0,5,7,0.714,0.0,0,0,
1630228,"Kuminga, Jonathan",1,6,6,Overall,1.0,29,60,0.483,0.525,0.6,24,36,0.667,0.4,5,24,0.208
1642367,"Mogbo, Jonathan",1,3,2,Overall,1.0,2,2,1.0,1.0,1.0,2,2,1.0,0.0,0,0,
203903,"Clarkson, Jordan",1,16,15,Overall,1.0,33,69,0.478,0.507,0.768,29,53,0.547,0.232,4,16,0.25
1630692,"Goodwin, Jordan",1,1,1,Overall,1.0,1,4,0.25,0.25,0.25,1,1,1.0,0.75,0,3,0.0
1629162,"McLaughlin, Jordan",1,10,7,Overall,1.0,7,11,0.636,0.773,0.545,4,6,0.667,0.455,3,5,0.6
1641775,"Walsh, Jordan",1,7,7,Overall,1.0,4,19,0.211,0.263,0.368,2,7,0.286,0.632,2,12,0.167
1630631,"Alvarado, Jose",1,16,16,Overall,1.0,26,58,0.448,0.534,0.5,16,29,0.552,0.5,10,29,0.345
1628404,"Hart, Josh",1,17,17,Overall,1.0,69,159,0.434,0.509,0.509,45,81,0.556,0.491,24,78,0.308
1629006,"Okogie, Josh",1,6,6,Overall,1.0,11,25,0.44,0.54,0.48,6,12,0.5,0.52,5,13,0.385
201950,"Holiday, Jrue",1,5,5,Overall,1.0,31,77,0.403,0.481,0.558,19,43,0.442,0.442,12,34,0.353
1630577,"Champagnie, Julian",1,21,21,Overall,1.0,80,178,0.449,0.607,0.219,24,39,0.615,0.781,56,139,0.403
1641763,"Phillips, Julian",1,5,3,Overall,1.0,2,6,0.333,0.5,0.333,0,2,0.0,0.667,2,4,0.5
1631124,"Strawther, Julian",1,2,1,Overall,1.0,2,7,0.286,0.357,0.571,1,4,0.25,0.429,1,3,0.333
203944,"Randle, Julius",1,12,12,Overall,1.0,67,172,0.39,0.419,0.762,57,131,0.435,0.238,10,41,0.244
1642348,"Edwards, Justin",1,9,7,Overall,1.0,11,32,0.344,0.406,0.438,7,14,0.5,0.563,4,18,0.222
1626157,"Towns, Karl-Anthony",1,17,17,Overall,1.0,98,175,0.56,0.631,0.691,73,121,0.603,0.309,25,54,0.463
1630811,"Wallace, Keaton",1,3,3,Overall,1.0,2,8,0.25,0.25,0.625,2,5,0.4,0.375,0,3,0.0
1629640,"Johnson, Keldon",1,21,21,Overall,1.0,63,152,0.414,0.477,0.645,44,98,0.449,0.355,19,54,0.352
203482,"Olynyk, Kelly",1,9,6,Overall,1.0,8,15,0.533,0.7,0.467,3,7,0.429,0.533,5,8,0.625
1626162,"Oubre Jr., Kelly",1,11,11,Overall,1.0,48,106,0.453,0.5,0.632,38,67,0.567,0.368,10,39,0.256
1629026,"Williams, Kenrich",1,11,9,Overall,1.0,12,31,0.387,0.484,0.387,6,12,0.5,0.613,6,19,0.316
1631165,"Ellis, Keon",1,12,7,Overall,1.0,5,15,0.333,0.5,0.067,0,1,0.0,0.933,5,14,0.357
201142,"Durant, Kevin",1,1,1,Overall,1.0,7,12,0.583,0.625,0.667,6,8,0.75,0.333,1,4,0.25
1628989,"Huerter, Kevin",1,5,3,Overall,1.0,2,7,0.286,0.429,0.286,0,2,0.0,0.714,2,5,0.4
1642863,"Maluach, Khaman",1,4,4,Overall,1.0,4,8,0.5,0.5,0.875,4,7,0.571,0.125,0,1,0.0
1631200,"Murray, Kris",1,5,2,Overall,1.0,2,4,0.5,0.5,0.5,2,2,1.0,0.5,0,2,0.0
203937,"Anderson, Kyle",1,8,7,Overall,1.0,6,17,0.353,0.353,0.941,6,16,0.375,0.059,0,1,0.0
1629013,"Shamet, Landry",1,17,15,Overall,1.0,37,76,0.487,0.671,0.276,9,21,0.429,0.724,28,55,0.509
2544,"James, LeBron",1,10,10,Overall,1.0,84,183,0.459,0.505,0.716,67,131,0.511,0.284,17,52,0.327
1630322,"Waters III, Lindy",1,9,5,Overall,1.0,6,13,0.462,0.577,0.385,3,5,0.6,0.615,3,8,0.375
1629652,"Dort, Luguentz",1,15,15,Overall,1.0,30,82,0.366,0.488,0.207,10,17,0.588,0.793,20,65,0.308
1630568,"Garza, Luka",1,7,7,Overall,1.0,10,20,0.5,0.6,0.35,6,7,0.857,0.65,4,13,0.308
1628379,"Kennard, Luke",1,10,10,Overall,1.0,39,80,0.488,0.6,0.525,21,42,0.5,0.475,18,38,0.474
1628436,"Kornet, Luke",1,21,19,Overall,1.0,33,57,0.579,0.588,0.982,32,56,0.571,0.018,1,1,1.0
1631204,"Sasser, Marcus",1,6,4,Overall,1.0,11,23,0.478,0.587,0.391,6,9,0.667,0.609,5,14,0.357
203935,"Smart, Marcus",1,10,10,Overall,1.0,39,99,0.394,0.48,0.495,22,49,0.449,0.505,17,50,0.34
203486,"Plumlee, Mason",1,6,2,Overall,1.0,2,3,0.667,0.667,1.0,2,3,0.667,0.0,0,0,
1629680,"Thybulle, Matisse",1,4,4,Overall,1.0,2,14,0.143,0.179,0.214,1,3,0.333,0.786,1,11,0.091
1642917,"Shulga, Max",1,2,2,Overall,1.0,1,2,0.5,0.75,0.0,0,0,,1.0,1,2,0.5
1629622,"Strus, Max",1,18,18,Overall,1.0,56,138,0.406,0.543,0.232,18,32,0.563,0.768,38,106,0.358
1628467,"Kleber, Maxi",1,3,1,Overall,1.0,0,1,0.0,0.0,1.0,0,1,0.0,0.0,0,0,
1628969,"Bridges, Mikal",1,17,17,Overall,1.0,97,169,0.574,0.63,0.686,78,116,0.672,0.314,19,53,0.358
201144,"Conley, Mike",1,12,11,Overall,1.0,19,38,0.5,0.671,0.316,6,12,0.5,0.684,13,26,0.5
1630540,"McBride, Miles",1,17,17,Overall,1.0,35,99,0.354,0.505,0.253,5,25,0.2,0.747,30,74,0.405
1629011,"Robinson, Mitchell",1,16,16,Overall,1.0,33,45,0.733,0.733,1.0,33,45,0.733,0.0,0,0,
1642885,"Diawara, Mohamed",1,6,4,Overall,1.0,3,13,0.231,0.269,0.538,2,7,0.286,0.462,1,6,0.167
1629021,"Wagner, Moritz",1,2,2,Overall,1.0,1,4,0.25,0.375,0.75,0,3,0.0,0.25,1,1,1.0
1631243,"Gueye, Mouhamed",1,6,6,Overall,1.0,4,14,0.286,0.321,0.286,3,4,0.75,0.714,1,10,0.1
1641772,"Tomlin, Nae'Qwan",1,7,5,Overall,1.0,4,6,0.667,0.667,1.0,4,6,0.667,0.0,0,0,
1629675,"Reid, Naz",1,12,12,Overall,1.0,59,122,0.484,0.574,0.549,37,67,0.552,0.451,22,55,0.4
1629674,"Queta, Neemias",1,7,7,Overall,1.0,25,34,0.735,0.735,1.0,25,34,0.735,0.0,0,0,
1641733,"Smith Jr., Nick",1,6,4,Overall,1.0,6,14,0.429,0.536,0.5,3,7,0.429,0.5,3,7,0.429
1629638,"Alexander-Walker, Nickeil",1,6,6,Overall,1.0,27,71,0.38,0.507,0.394,9,28,0.321,0.606,18,43,0.419
203999,"Jokić, Nikola",1,6,6,Overall,1.0,54,121,0.446,0.475,0.702,47,85,0.553,0.298,7,36,0.194
1642260,"Topić, Nikola",1,9,5,Overall,1.0,2,6,0.333,0.333,0.667,2,4,0.5,0.333,0,2,0.0
202696,"Vučević, Nikola",1,6,6,Overall,1.0,14,37,0.378,0.473,0.351,7,13,0.538,0.649,7,24,0.292
1628384,"Anunoby, OG",1,15,15,Overall,1.0,98,172,0.57,0.674,0.558,62,96,0.646,0.442,36,76,0.474
1630168,"Okongwu, Onyeka",1,6,6,Overall,1.0,28,48,0.583,0.688,0.542,18,26,0.692,0.458,10,22,0.455
1642345,"Ighodaro, Oso",1,4,4,Overall,1.0,13,24,0.542,0.542,1.0,13,24,0.542,0.0,0,0,
1642359,"Dadiet, Pacôme",1,7,5,Overall,1.0,8,16,0.5,0.594,0.5,5,8,0.625,0.5,3,8,0.375
1631094,"Banchero, Paolo",1,7,7,Overall,1.0,60,143,0.42,0.469,0.706,46,101,0.455,0.294,14,42,0.333
202331,"George, Paul",1,11,11,Overall,1.0,65,142,0.458,0.581,0.5,30,71,0.423,0.5,35,71,0.493
1630194,"Reed, Paul",1,9,8,Overall,1.0,28,42,0.667,0.69,0.881,26,37,0.703,0.119,2,5,0.4
1630202,"Pritchard, Payton",1,7,7,Overall,1.0,39,92,0.424,0.516,0.402,22,37,0.595,0.598,17,55,0.309
1629656,"Grimes, Quentin",1,11,11,Overall,1.0,23,58,0.397,0.517,0.397,9,23,0.391,0.603,14,35,0.4
1629628,"Barrett, RJ",1,7,7,Overall,1.0,63,132,0.477,0.542,0.667,46,88,0.523,0.333,17,44,0.386
1642853,"Fleming, Rasheer",1,4,2,Overall,1.0,3,5,0.6,0.9,0.0,0,0,,1.0,3,5,0.6
1642263,"Sheppard, Reed",1,6,6,Overall,1.0,27,88,0.307,0.398,0.386,11,34,0.324,0.614,16,54,0.296
1629057,"Williams III, Robert",1,5,5,Overall,1.0,22,35,0.629,0.671,0.743,19,26,0.731,0.257,3,9,0.333
1631199,"Harper Jr., Ron",1,6,6,Overall,1.0,4,9,0.444,0.611,0.333,1,3,0.333,0.667,3,6,0.5
1641842,"Holland II, Ronald",1,9,6,Overall,1.0,4,13,0.308,0.385,0.385,2,5,0.4,0.615,2,8,0.25
1626220,"O'Neale, Royce",1,4,4,Overall,1.0,9,14,0.643,0.929,0.071,1,1,1.0,0.929,8,13,0.615
203497,"Gobert, Rudy",1,12,12,Overall,1.0,34,69,0.493,0.493,0.971,34,67,0.507,0.029,0,2,0.0
1629060,"Hachimura, Rui",1,10,10,Overall,1.0,67,122,0.549,0.684,0.525,34,64,0.531,0.475,33,58,0.569
1642346,"Dunn, Ryan",1,4,2,Overall,1.0,0,4,0.0,0.0,0.0,0,0,,1.0,0,4,0.0
1630573,"Hauser, Sam",1,7,7,Overall,1.0,19,46,0.413,0.587,0.174,3,8,0.375,0.826,16,38,0.421
1630241,"Merrill, Sam",1,17,16,Overall,1.0,41,96,0.427,0.578,0.188,12,18,0.667,0.813,29,78,0.372
1630572,"Mamukelashvili, Sandro",1,7,7,Overall,1.0,14,35,0.4,0.457,0.6,10,21,0.476,0.4,4,14,0.286
1630703,"Henderson, Scoot",1,5,5,Overall,1.0,28,59,0.475,0.585,0.525,15,31,0.484,0.475,13,28,0.464
1630567,"Barnes, Scottie",1,7,7,Overall,1.0,59,116,0.509,0.543,0.819,51,95,0.537,0.181,8,21,0.381
1631101,"Sharpe, Shaedon",1,5,5,Overall,1.0,14,34,0.412,0.456,0.676,11,23,0.478,0.324,3,11,0.273
1628983,"Gilgeous-Alexander, Shai",1,15,15,Overall,1.0,132,285,0.463,0.495,0.793,114,226,0.504,0.207,18,59,0.305
1631321,"Cissoko, Sidy",1,4,3,Overall,1.0,4,10,0.4,0.5,0.5,2,5,0.4,0.5,2,5,0.4
1642461,"Jones, Spencer",1,6,5,Overall,1.0,13,19,0.684,0.921,0.316,4,6,0.667,0.684,9,13,0.692
1642264,"Castle, Stephon",1,21,21,Overall,1.0,133,279,0.477,0.538,0.663,99,185,0.535,0.337,34,94,0.362
1631106,"Eason, Tari",1,6,6,Overall,1.0,31,65,0.477,0.554,0.538,21,35,0.6,0.462,10,30,0.333
1630545,"Shannon Jr., Terrence",1,9,9,Overall,1.0,38,94,0.404,0.447,0.66,30,62,0.484,0.34,8,32,0.25
1628418,"Bryant, Thomas",1,9,7,Overall,1.0,6,21,0.286,0.333,0.429,4,9,0.444,0.571,2,12,0.167
203501,"Hardaway Jr., Tim",1,6,6,Overall,1.0,19,45,0.422,0.511,0.489,11,22,0.5,0.511,8,23,0.348
202699,"Harris, Tobias",1,14,14,Overall,1.0,91,214,0.425,0.47,0.696,72,149,0.483,0.304,19,65,0.292
1642449,"Smith, Tolu",1,3,1,Overall,1.0,2,2,1.0,1.0,1.0,2,2,1.0,0.0,0,0,
1628396,"Bradley, Tony",1,4,3,Overall,1.0,3,4,0.75,0.875,0.75,2,3,0.667,0.25,1,1,1.0
1641739,"Camara, Toumani",1,5,5,Overall,1.0,11,38,0.289,0.382,0.289,4,11,0.364,0.711,7,27,0.259
1631218,"Jackson-Davis, Trayce",1,3,1,Overall,1.0,0,1,0.0,0.0,1.0,0,1,0.0,0.0,0,0,
1630570,"Watford, Trendon",1,7,5,Overall,1.0,7,11,0.636,0.636,0.909,7,10,0.7,0.091,0,1,0.0
1641783,"da Silva, Tristan",1,7,7,Overall,1.0,11,29,0.379,0.466,0.448,6,13,0.462,0.552,5,16,0.313
1642278,"Kolek, Tyler",1,8,7,Overall,1.0,11,25,0.44,0.52,0.64,7,16,0.438,0.36,4,9,0.444
1630178,"Maxey, Tyrese",1,11,11,Overall,1.0,96,211,0.455,0.517,0.649,70,137,0.511,0.351,26,74,0.351
1642878,"Proctor, Tyrese",1,4,1,Overall,1.0,0,2,0.0,0.0,0.0,0,0,,1.0,0,2,0.0
1626145,"Jones, Tyus",1,3,3,Overall,1.0,4,8,0.5,0.5,0.875,4,7,0.571,0.125,0,1,0.0
1642845,"Edgecombe, VJ",1,11,11,Overall,1.0,60,145,0.414,0.486,0.503,39,73,0.534,0.497,21,72,0.292
1641705,"Wembanyama, Victor",1,20,20,Overall,1.0,160,319,0.502,0.558,0.687,124,219,0.566,0.313,36,100,0.36
1630249,"Krejčí, Vít",1,4,2,Overall,1.0,1,4,0.25,0.25,0.25,1,1,1.0,0.75,0,3,0.0
1628976,"Carter Jr., Wendell",1,7,7,Overall,1.0,25,48,0.521,0.573,0.625,20,30,0.667,0.375,5,18,0.278
1642905,Yang Hansen,1,4,1,Overall,1.0,0,2,0.0,0.0,0.0,0,0,,1.0,0,2,0.0
1642258,"Risacher, Zaccharie",1,3,3,Overall,1.0,5,14,0.357,0.393,0.643,4,9,0.444,0.357,1,5,0.2
1630192,"Nnaji, Zeke",1,2,1,Overall,1.0,2,2,1.0,1.25,0.5,1,1,1.0,0.5,1,1,1.0
