PLAYER_ID,PLAYER_NAME,TEAM_ABBREVIATION,AGE,GP,MIN,USG_PCT,PTS,FGM,FGA,FG_PCT,FG3M,FG3A,FG3_PCT,FTM,FTA,FT_PCT,TS_PCT,EFG_PCT,AST,TOV,AST_PCT,AST_TO,TM_TOV_PCT,REB,OREB_PCT,DREB_PCT,OFF_RATING,DEF_RATING,NET_RATING,PLUS_MINUS,PIE,PACE,VOLUME_SCORE
1631260,AJ Green,MIL,26.0,78,29.1,0.135,10.4,3.4,7.9,0.424,3.0,7.1,0.419,0.7,0.8,0.855,0.627,0.612,1.9,1.0,0.09,2.03,8.7,2.7,0.013,0.08,113.1,116.7,-3.6,-1.9,0.058,99.28,31.0
203932,Aaron Gordon,DEN,30.0,36,27.9,0.213,16.2,5.5,11.1,0.497,1.7,4.4,0.389,3.5,4.5,0.767,0.62,0.574,2.7,1.1,0.13,2.53,6.3,5.8,0.052,0.148,124.7,112.0,12.7,7.6,0.117,99.99,46.5
1628988,Aaron Holiday,HOU,29.0,57,13.7,0.159,5.5,1.8,4.4,0.417,1.2,3.0,0.394,0.6,0.7,0.854,0.578,0.55,1.1,0.7,0.105,1.58,10.4,1.0,0.016,0.054,114.6,106.3,8.3,2.3,0.063,99.63,18.2
1630174,Aaron Nesmith,IND,26.0,45,29.7,0.19,13.8,4.7,11.4,0.414,2.3,6.2,0.379,2.0,2.5,0.829,0.554,0.517,1.9,1.4,0.091,1.37,9.0,4.2,0.034,0.102,111.1,118.4,-7.3,-4.5,0.067,103.09,42.9
1630598,Aaron Wiggins,OKC,27.0,65,21.8,0.194,9.4,3.6,8.2,0.431,1.5,4.2,0.356,0.8,1.1,0.736,0.538,0.521,1.7,1.2,0.11,1.35,10.7,3.1,0.028,0.101,112.8,106.7,6.2,2.7,0.082,101.47,33.8
1642846,Ace Bailey,UTA,19.0,72,27.6,0.21,13.8,5.5,12.4,0.443,1.9,5.5,0.344,0.9,1.2,0.75,0.533,0.52,1.8,1.5,0.098,1.22,9.2,4.2,0.048,0.097,109.8,120.4,-10.7,-6.2,0.069,104.58,45.8
1641737,Adem Bona,PHI,23.0,71,17.4,0.108,4.8,1.8,3.1,0.595,0.0,0.1,0.333,1.1,1.6,0.708,0.638,0.6,0.5,0.8,0.034,0.57,15.6,4.3,0.099,0.138,113.1,112.9,0.3,-0.1,0.069,102.35,14.8
1642349,Ajay Mitchell,OKC,23.0,57,25.8,0.21,13.6,5.0,10.4,0.485,1.1,3.1,0.347,2.5,2.8,0.87,0.585,0.536,3.6,1.4,0.194,2.54,8.6,3.3,0.027,0.093,118.2,102.5,15.6,8.8,0.116,102.48,43.1
201143,Al Horford,GSW,39.0,45,21.5,0.163,8.3,3.1,7.2,0.426,1.6,4.6,0.361,0.5,0.6,0.846,0.554,0.54,2.6,0.9,0.171,2.76,8.5,4.9,0.043,0.184,112.7,113.5,-0.9,-0.2,0.104,101.08,26.1
1627936,Alex Caruso,OKC,32.0,56,18.2,0.152,6.2,2.3,5.4,0.423,0.9,3.2,0.293,0.7,0.9,0.804,0.54,0.512,2.0,0.9,0.145,2.29,10.0,2.8,0.028,0.113,116.9,99.3,17.6,6.8,0.093,102.74,21.6
1642259,Alex Sarr,WAS,21.0,48,27.2,0.252,16.3,6.6,13.7,0.482,1.0,3.1,0.333,2.1,3.0,0.692,0.544,0.52,2.7,1.7,0.161,1.59,8.8,7.4,0.073,0.179,108.0,120.4,-12.4,-7.3,0.121,103.35,53.3
1630578,Alperen Sengun,HOU,23.0,72,33.3,0.259,20.4,8.1,15.6,0.519,0.6,1.8,0.305,3.6,5.2,0.691,0.569,0.537,6.2,3.2,0.282,1.96,11.6,8.9,0.089,0.177,117.1,113.7,3.4,2.8,0.142,98.02,65.6
1641708,Amen Thompson,HOU,23.0,79,37.4,0.195,18.3,7.1,13.2,0.534,0.3,1.5,0.216,3.8,4.9,0.779,0.594,0.545,5.3,2.4,0.202,2.21,10.4,7.8,0.078,0.123,117.0,110.4,6.6,4.7,0.128,98.4,56.9
203083,Andre Drummond,PHI,32.0,63,19.5,0.143,6.4,2.5,5.3,0.472,0.5,1.4,0.356,0.8,1.3,0.631,0.539,0.519,1.3,1.0,0.09,1.31,11.8,8.4,0.145,0.264,110.3,113.6,-3.2,-1.4,0.113,100.54,22.3
1629614,Andrew Nembhard,IND,26.0,57,31.3,0.233,16.9,5.8,13.2,0.442,1.9,5.2,0.361,3.4,4.1,0.825,0.564,0.513,7.7,2.4,0.37,3.19,9.6,2.8,0.013,0.075,109.3,119.3,-10.0,-6.9,0.111,102.27,55.0
203952,Andrew Wiggins,MIA,31.0,68,30.3,0.194,15.4,5.7,12.1,0.475,2.0,4.9,0.414,1.9,2.4,0.784,0.586,0.559,2.7,1.5,0.123,1.77,8.8,4.8,0.051,0.098,113.7,113.9,-0.1,0.1,0.092,104.97,46.4
1629014,Anfernee Simons,CHI,26.0,55,24.9,0.227,14.3,5.2,11.8,0.44,2.7,6.9,0.385,1.3,1.4,0.896,0.576,0.552,2.4,1.2,0.151,1.97,7.7,2.5,0.021,0.075,116.9,114.0,3.0,1.8,0.096,97.42,44.4
1641710,Anthony Black,ORL,22.0,64,29.8,0.219,15.0,5.4,12.1,0.447,1.6,4.7,0.333,2.6,3.6,0.732,0.549,0.512,3.7,2.1,0.185,1.79,10.7,3.8,0.024,0.101,113.3,113.1,0.2,-0.2,0.09,101.05,50.7
203076,Anthony Davis,WAS,33.0,20,31.3,0.272,20.4,8.5,16.7,0.506,0.5,1.9,0.27,3.0,4.1,0.728,0.551,0.521,2.8,2.1,0.14,1.37,8.9,11.1,0.099,0.24,110.0,114.6,-4.6,-2.5,0.151,101.27,61.8
1630162,Anthony Edwards,MIN,24.0,61,35.0,0.309,28.8,9.9,20.2,0.489,3.4,8.4,0.399,5.7,7.2,0.796,0.617,0.572,3.7,2.9,0.174,1.3,9.6,5.0,0.017,0.12,117.8,114.3,3.5,2.7,0.145,101.5,81.3
1630264,Anthony Gill,WAS,33.0,55,17.3,0.116,5.8,2.5,3.9,0.628,0.3,0.9,0.354,0.6,0.8,0.739,0.682,0.667,1.3,0.7,0.101,1.92,10.6,2.9,0.059,0.112,107.0,121.4,-14.4,-5.3,0.08,104.11,14.3
1641709,Ausar Thompson,DET,23.0,73,26.0,0.168,9.9,4.2,7.9,0.525,0.1,0.3,0.25,1.5,2.6,0.571,0.545,0.53,3.1,1.5,0.155,2.07,11.0,5.7,0.08,0.135,118.8,107.2,11.6,5.4,0.101,100.86,35.5
1630559,Austin Reaves,LAL,27.0,51,34.5,0.258,23.3,7.3,14.9,0.49,2.3,6.4,0.36,6.3,7.3,0.871,0.641,0.567,5.5,3.0,0.237,1.85,11.3,4.7,0.02,0.117,117.3,112.3,5.0,3.6,0.137,100.41,66.6
1630245,Ayo Dosunmu,MIN,26.0,69,27.3,0.197,14.8,5.6,10.8,0.517,1.8,4.1,0.439,1.8,2.1,0.876,0.63,0.599,3.6,1.4,0.202,2.59,8.4,3.4,0.024,0.093,111.7,113.2,-1.5,-1.0,0.114,103.16,42.9
1628389,Bam Adebayo,MIA,28.0,73,32.4,0.248,20.1,6.9,15.7,0.442,1.7,5.5,0.318,4.5,5.8,0.778,0.551,0.497,3.2,1.6,0.142,1.93,7.1,10.0,0.059,0.236,117.1,111.0,6.1,4.5,0.138,103.89,64.9
1631248,Baylor Scheierman,BOS,25.0,77,18.6,0.117,5.5,2.0,4.3,0.453,1.3,3.2,0.399,0.4,0.4,0.903,0.616,0.599,1.5,0.6,0.108,2.52,9.0,3.5,0.038,0.138,116.3,109.0,7.3,2.6,0.085,96.77,17.0
1642879,Ben Saraf,BKN,20.0,44,20.8,0.202,7.5,2.7,6.9,0.396,0.4,2.0,0.211,1.7,2.0,0.83,0.486,0.427,3.3,2.3,0.244,1.46,16.9,2.1,0.021,0.085,103.6,116.0,-12.5,-5.4,0.06,100.13,32.0
1641767,Ben Sheppard,IND,24.0,65,21.4,0.131,7.1,2.6,6.0,0.434,1.3,3.6,0.362,0.6,0.8,0.765,0.561,0.543,1.8,0.6,0.112,2.78,7.3,3.0,0.028,0.106,107.1,116.0,-8.8,-4.1,0.066,104.23,22.3
1631097,Bennedict Mathurin,LAC,23.0,54,30.0,0.246,17.6,5.4,12.5,0.43,1.4,4.4,0.315,5.4,6.2,0.869,0.575,0.485,2.4,2.2,0.123,1.09,11.0,5.4,0.034,0.142,111.4,115.3,-3.9,-2.7,0.105,101.15,57.8
1641731,Bilal Coulibaly,WAS,21.0,56,26.2,0.193,11.7,4.1,9.7,0.425,1.2,3.6,0.319,2.4,3.2,0.746,0.531,0.485,2.6,1.4,0.137,1.79,9.6,4.3,0.03,0.128,108.5,121.2,-12.8,-7.4,0.082,104.43,40.8
1626171,Bobby Portis,MIL,31.0,67,24.2,0.225,13.7,5.5,11.2,0.488,2.0,4.4,0.456,0.7,1.0,0.706,0.587,0.578,1.6,1.0,0.103,1.59,6.9,6.4,0.055,0.198,110.2,118.4,-8.2,-4.0,0.122,98.78,43.3
203992,Bogdan Bogdanović,LAC,33.0,23,19.7,0.185,7.4,2.6,6.6,0.388,1.4,4.1,0.347,0.9,1.1,0.8,0.525,0.497,2.2,1.2,0.184,1.89,11.2,2.6,0.014,0.112,109.1,113.5,-4.4,-1.3,0.069,96.68,25.9
1630538,Bones Hyland,MIN,25.0,71,16.6,0.197,8.5,3.0,6.6,0.453,1.6,4.2,0.388,0.9,1.2,0.78,0.599,0.577,2.6,1.0,0.222,2.69,9.2,1.8,0.018,0.085,113.8,108.6,5.2,1.7,0.101,102.82,29.6
1641764,Brandin Podziemski,GSW,23.0,82,28.4,0.196,13.8,4.8,10.6,0.455,1.9,5.0,0.371,2.3,2.9,0.797,0.583,0.543,3.7,1.6,0.198,2.32,9.3,5.1,0.029,0.147,110.3,110.4,-0.1,0.2,0.114,101.31,45.3
1627742,Brandon Ingram,TOR,28.0,77,33.8,0.264,21.5,8.0,16.7,0.477,1.8,4.6,0.382,3.8,4.6,0.82,0.573,0.529,3.7,2.4,0.169,1.52,9.8,5.6,0.024,0.144,114.6,113.7,1.0,0.6,0.121,98.87,67.6
1641706,Brandon Miller,CHA,23.0,65,30.3,0.272,20.2,7.0,16.1,0.435,3.1,8.2,0.383,3.1,3.4,0.892,0.574,0.533,3.3,2.5,0.173,1.33,10.8,4.9,0.034,0.122,119.8,111.3,8.5,5.7,0.113,98.44,62.9
1630314,Brandon Williams,DAL,26.0,66,22.2,0.242,13.0,4.4,9.3,0.472,0.5,2.3,0.232,3.7,4.6,0.793,0.572,0.501,3.9,1.9,0.256,2.05,11.0,2.9,0.019,0.105,111.2,115.6,-4.4,-2.2,0.115,105.52,46.8
1641729,Brice Sensabaugh,UTA,22.0,75,23.5,0.244,14.9,5.3,11.4,0.46,2.2,5.9,0.367,2.2,2.7,0.826,0.59,0.554,1.9,1.7,0.124,1.15,10.3,3.1,0.03,0.097,111.4,120.8,-9.4,-5.1,0.09,105.02,48.7
201572,Brook Lopez,LAC,38.0,75,21.8,0.171,8.5,3.1,7.2,0.428,1.5,4.2,0.36,0.7,1.0,0.757,0.552,0.533,1.3,0.8,0.087,1.59,8.4,3.6,0.03,0.135,113.9,112.7,1.2,0.6,0.076,97.8,30.3
1628971,Bruce Brown,DEN,29.0,82,24.4,0.142,7.9,3.0,6.4,0.475,0.7,1.8,0.385,1.2,1.5,0.762,0.562,0.53,2.1,1.1,0.121,1.91,10.8,3.9,0.043,0.109,114.2,115.2,-1.0,-0.9,0.069,100.24,28.4
1631121,Bryce McGowens,NOP,23.0,42,21.0,0.136,8.1,2.7,5.6,0.481,0.9,2.2,0.409,1.8,2.3,0.779,0.61,0.561,1.5,0.4,0.091,3.65,4.7,2.1,0.013,0.082,115.3,118.9,-3.6,-1.7,0.067,103.45,22.5
1642267,Bub Carrington,WAS,20.0,82,27.7,0.174,10.7,3.8,9.0,0.424,2.1,5.0,0.408,1.0,1.4,0.73,0.556,0.538,4.6,2.3,0.231,1.99,14.1,3.4,0.013,0.104,107.3,122.6,-15.3,-9.1,0.072,103.8,37.7
1627741,Buddy Hield,ATL,33.0,51,16.1,0.192,7.6,2.8,6.4,0.437,1.5,4.2,0.349,0.6,0.7,0.811,0.568,0.55,1.4,0.9,0.129,1.48,10.4,2.3,0.032,0.106,110.2,115.0,-4.9,-1.7,0.085,103.88,26.0
203468,CJ McCollum,ATL,34.0,76,29.8,0.247,18.7,6.9,15.2,0.455,2.5,6.7,0.375,2.4,3.1,0.772,0.566,0.538,3.9,1.8,0.194,2.17,8.1,3.3,0.025,0.077,113.6,112.0,1.5,1.2,0.105,103.12,58.7
1630595,Cade Cunningham,DET,24.0,64,33.9,0.296,23.9,8.6,18.6,0.461,2.0,5.7,0.342,4.8,6.0,0.812,0.564,0.513,9.9,3.7,0.43,2.69,10.7,5.5,0.025,0.132,120.4,109.0,11.4,8.1,0.159,100.94,75.3
1631126,Caleb Love,POR,24.0,49,20.7,0.228,10.4,3.9,10.0,0.388,1.9,6.0,0.318,0.7,1.0,0.735,0.497,0.483,2.5,1.3,0.187,1.98,8.9,2.3,0.023,0.083,108.2,114.5,-6.3,-2.6,0.079,102.91,38.5
1628997,Caleb Martin,DAL,30.0,58,14.8,0.122,3.9,1.5,3.3,0.45,0.3,1.0,0.351,0.6,1.1,0.607,0.526,0.503,1.4,0.7,0.131,2.03,11.8,2.5,0.03,0.125,102.9,112.1,-9.2,-3.4,0.063,105.2,13.5
1642285,Cam Spencer,MEM,26.0,72,23.8,0.166,11.1,3.7,7.7,0.473,2.0,4.5,0.449,1.8,1.9,0.94,0.649,0.604,5.6,1.3,0.332,4.3,8.5,2.5,0.022,0.082,112.4,116.0,-3.6,-1.2,0.12,101.59,32.6
1630560,Cam Thomas,MIL,24.0,42,21.0,0.295,13.5,4.5,11.0,0.41,1.2,4.0,0.31,3.3,4.0,0.811,0.53,0.466,2.6,1.8,0.208,1.46,10.4,1.7,0.012,0.071,111.7,123.8,-12.1,-5.1,0.089,96.65,52.2
1641715,Cam Whitmore,WAS,21.0,21,16.9,0.225,9.2,3.7,8.0,0.456,0.8,2.7,0.286,1.1,1.5,0.742,0.528,0.503,0.7,0.9,0.067,0.83,8.4,2.8,0.049,0.102,104.4,124.0,-19.6,-7.2,0.082,105.84,31.6
1629661,Cameron Johnson,DEN,30.0,54,30.5,0.144,12.2,4.2,8.8,0.48,2.0,4.7,0.43,1.7,2.1,0.839,0.629,0.596,2.4,0.9,0.098,2.81,6.7,3.8,0.027,0.095,124.2,114.7,9.5,6.4,0.075,101.38,34.2
1626166,Cameron Payne,PHI,31.0,22,17.0,0.183,7.4,2.5,6.8,0.376,1.5,4.4,0.33,0.9,1.0,0.864,0.514,0.483,2.6,0.5,0.22,5.27,4.8,2.0,0.007,0.103,105.5,113.6,-8.1,-2.9,0.096,104.63,24.1
1627747,Caris LeVert,DET,31.0,60,19.2,0.178,7.4,2.7,6.5,0.417,1.0,3.0,0.333,1.0,1.4,0.679,0.518,0.494,2.7,1.4,0.202,1.94,12.3,2.0,0.018,0.074,108.6,107.7,0.8,-0.1,0.081,101.1,28.0
1641717,Cason Wallace,OKC,22.0,77,26.6,0.141,8.6,3.3,7.6,0.432,1.3,3.7,0.351,0.7,0.9,0.809,0.538,0.518,2.6,0.9,0.127,2.74,8.2,3.1,0.031,0.079,116.2,103.8,12.4,6.9,0.076,101.76,29.9
1642907,Cedric Coward,MEM,22.0,62,25.8,0.207,13.6,4.9,10.5,0.471,1.5,4.4,0.338,2.3,2.7,0.843,0.585,0.542,2.8,1.7,0.154,1.63,10.6,5.9,0.05,0.16,113.8,113.5,0.3,0.4,0.11,104.31,43.1
1631096,Chet Holmgren,OKC,24.0,69,28.9,0.214,17.1,6.3,11.3,0.557,1.3,3.5,0.362,3.3,4.1,0.792,0.653,0.614,1.7,1.6,0.082,1.07,9.5,8.9,0.067,0.221,118.4,102.3,16.1,9.8,0.154,101.09,49.6
1631128,Christian Braun,DEN,25.0,44,31.8,0.142,12.0,4.6,8.8,0.519,1.0,3.3,0.301,1.8,2.3,0.782,0.607,0.575,2.7,1.0,0.108,2.79,7.2,4.8,0.046,0.101,124.2,114.1,10.1,6.6,0.076,101.38,34.2
1631132,Christian Koloko,ATL,25.0,27,13.2,0.109,2.7,1.1,2.7,0.419,0.0,0.3,0.111,0.4,0.6,0.667,0.453,0.426,0.7,0.6,0.064,1.13,13.9,3.0,0.08,0.125,106.9,108.2,-1.3,-0.5,0.046,104.9,6.9
203991,Clint Capela,HOU,32.0,75,12.3,0.133,3.8,1.6,3.0,0.52,0.0,0.0,0.5,0.6,1.0,0.577,0.54,0.522,0.7,0.5,0.072,1.22,11.5,4.6,0.158,0.181,113.1,105.1,8.0,2.2,0.11,98.6,14.2
1629632,Coby White,CHA,26.0,50,25.0,0.283,17.4,5.6,12.5,0.446,2.3,6.4,0.362,3.9,4.8,0.817,0.595,0.539,4.0,2.6,0.242,1.56,12.1,3.4,0.013,0.113,117.2,114.0,3.2,1.9,0.112,101.68,57.0
1642262,Cody Williams,UTA,21.0,67,24.3,0.159,8.8,3.6,7.6,0.468,0.4,2.0,0.214,1.3,1.8,0.706,0.524,0.495,2.0,1.1,0.111,1.88,9.4,3.0,0.036,0.084,110.9,121.4,-10.6,-5.9,0.057,105.04,31.4
1630175,Cole Anthony,MIL,26.0,35,15.0,0.244,6.7,2.8,6.6,0.424,0.6,2.1,0.306,0.5,0.7,0.615,0.483,0.472,3.5,1.9,0.354,1.86,15.2,2.5,0.029,0.126,103.4,113.1,-9.7,-3.2,0.082,101.99,30.7
1631221,Collin Gillespie,PHX,26.0,80,28.5,0.181,12.7,4.4,10.5,0.418,2.9,7.2,0.401,1.0,1.1,0.874,0.575,0.556,4.6,1.6,0.228,2.97,9.1,4.1,0.036,0.107,113.7,110.0,3.7,2.5,0.108,99.53,40.6
1642867,Collin Murray-Boyles,TOR,20.0,57,21.9,0.15,8.5,3.5,6.0,0.579,0.3,0.9,0.34,1.2,1.9,0.657,0.621,0.604,1.9,1.0,0.122,1.8,10.6,5.0,0.102,0.121,111.7,109.1,2.6,0.8,0.098,99.54,25.9
1629012,Collin Sexton,CHI,27.0,68,23.7,0.248,15.4,5.3,10.9,0.485,1.6,4.1,0.401,3.2,3.8,0.855,0.615,0.561,3.3,2.1,0.217,1.58,11.6,2.3,0.024,0.065,110.5,113.6,-3.0,-1.7,0.113,103.17,49.6
1642843,Cooper Flagg,DAL,19.0,70,33.5,0.264,21.0,8.0,17.1,0.468,1.0,3.5,0.295,4.0,4.9,0.827,0.548,0.498,4.5,2.3,0.212,1.96,8.9,6.7,0.035,0.151,109.5,114.7,-5.2,-3.8,0.128,102.96,67.8
1630557,Corey Kispert,ATL,27.0,58,18.6,0.179,9.2,3.2,6.8,0.467,1.5,4.1,0.367,1.3,1.7,0.794,0.609,0.577,1.6,0.8,0.121,2.04,7.9,2.3,0.022,0.091,108.9,115.9,-7.0,-2.6,0.088,104.15,28.5
1641854,Craig Porter Jr.,CLE,26.0,64,17.9,0.119,4.5,1.8,4.0,0.45,0.5,1.5,0.355,0.4,0.6,0.6,0.524,0.514,3.2,0.9,0.225,3.47,10.9,3.4,0.07,0.115,116.2,111.6,4.6,1.6,0.092,102.01,15.6
1626156,D'Angelo Russell,WAS,30.0,26,19.0,0.261,10.2,3.6,8.9,0.405,1.3,4.3,0.295,1.7,2.3,0.717,0.511,0.476,4.0,1.9,0.328,2.12,11.9,2.3,0.016,0.092,107.9,111.3,-3.4,-1.6,0.098,104.0,40.1
1631342,Daeqwon Plowden,SAC,27.0,32,26.4,0.157,10.8,3.8,8.7,0.43,1.9,5.8,0.333,1.3,1.5,0.857,0.572,0.541,1.3,0.8,0.065,1.58,7.2,3.0,0.037,0.08,111.2,122.1,-10.9,-6.4,0.057,100.96,30.6
1629655,Daniel Gafford,DAL,27.0,55,21.7,0.151,9.5,3.8,5.7,0.655,0.0,0.0,0.0,2.0,2.9,0.683,0.677,0.655,1.1,1.1,0.071,0.92,12.5,6.9,0.108,0.181,105.9,113.0,-7.1,-3.4,0.114,104.6,26.9
1642450,Daniss Jenkins,DET,24.0,72,20.2,0.209,9.3,3.2,7.9,0.408,1.0,2.7,0.374,1.9,2.2,0.832,0.525,0.473,3.9,1.6,0.27,2.42,11.1,2.3,0.034,0.077,113.2,106.6,6.6,2.9,0.1,101.34,36.5
1642874,Danny Wolf,BKN,22.0,57,20.8,0.201,8.9,3.1,7.7,0.405,1.2,3.7,0.322,1.5,1.9,0.771,0.521,0.482,2.2,1.3,0.178,1.74,10.6,4.9,0.046,0.195,102.9,111.9,-9.0,-4.1,0.096,98.09,34.0
1629636,Darius Garland,LAC,26.0,45,29.9,0.266,18.8,6.9,14.9,0.46,2.7,6.8,0.396,2.3,2.7,0.861,0.582,0.551,6.7,2.9,0.322,2.32,11.2,2.4,0.013,0.063,117.9,115.2,2.6,1.9,0.112,101.84,57.6
1630558,Davion Mitchell,MIA,27.0,70,28.6,0.137,9.3,3.7,7.6,0.49,1.3,3.3,0.395,0.6,0.9,0.646,0.582,0.574,6.5,1.5,0.285,4.19,9.6,2.7,0.015,0.072,117.2,113.0,4.2,2.9,0.083,103.88,30.0
1630549,Day'Ron Sharpe,BKN,24.0,62,18.7,0.19,8.7,3.5,5.7,0.601,0.1,0.6,0.231,1.7,2.5,0.678,0.638,0.614,2.3,1.7,0.207,1.37,15.7,6.7,0.143,0.222,107.3,111.7,-4.3,-1.8,0.141,98.86,29.9
1628368,De'Aaron Fox,SAS,28.0,72,31.0,0.242,18.6,7.1,14.5,0.486,1.8,5.5,0.332,2.6,3.4,0.76,0.578,0.549,6.2,2.3,0.286,2.71,9.3,3.8,0.018,0.092,118.8,108.9,9.9,6.3,0.117,103.67,57.9
1629631,De'Andre Hunter,SAC,28.0,45,26.1,0.218,13.7,4.6,11.1,0.415,1.7,5.5,0.305,2.8,3.2,0.867,0.545,0.49,2.0,1.7,0.11,1.2,10.3,4.1,0.023,0.127,114.1,115.0,-0.9,-0.5,0.077,103.39,44.9
1629001,De'Anthony Melton,GSW,27.0,49,23.0,0.244,12.3,4.4,10.8,0.407,1.5,5.0,0.294,2.0,2.5,0.826,0.518,0.475,2.6,1.9,0.164,1.37,11.4,3.2,0.033,0.108,114.3,110.4,3.9,1.9,0.09,101.48,45.1
201942,DeMar DeRozan,SAC,36.0,77,31.2,0.222,18.4,6.5,13.1,0.497,0.6,1.9,0.32,4.9,5.6,0.868,0.594,0.52,4.1,1.2,0.196,3.29,6.0,2.9,0.015,0.081,110.6,122.3,-11.7,-7.6,0.111,101.26,57.3
1629731,Dean Wade,CLE,29.0,59,22.3,0.097,5.8,2.1,4.7,0.439,1.2,3.3,0.362,0.5,0.6,0.711,0.58,0.567,1.5,0.3,0.082,5.5,4.0,4.2,0.039,0.139,117.2,110.9,6.2,2.6,0.074,101.78,16.1
1629028,Deandre Ayton,LAL,27.0,72,27.2,0.164,12.5,5.6,8.3,0.671,0.0,0.0,0.0,1.3,2.0,0.645,0.676,0.671,0.8,1.2,0.044,0.71,10.3,8.0,0.103,0.2,115.6,115.5,0.1,-0.1,0.117,99.65,35.3
203471,Dennis Schröder,CLE,32.0,70,24.2,0.21,10.8,3.6,9.0,0.405,1.1,3.3,0.329,2.4,2.9,0.834,0.526,0.465,4.9,1.8,0.294,2.75,10.5,2.7,0.019,0.089,110.8,117.0,-6.2,-3.4,0.094,100.28,41.4
1642852,Derik Queen,NOP,21.0,81,25.0,0.214,11.7,4.4,9.2,0.473,0.3,1.1,0.261,2.7,3.4,0.795,0.546,0.489,3.7,2.3,0.208,1.57,14.0,7.1,0.065,0.207,112.7,119.4,-6.7,-3.8,0.109,103.32,44.3
1627884,Derrick Jones Jr.,LAC,29.0,50,27.0,0.144,10.1,3.8,7.6,0.499,1.1,3.1,0.359,1.4,1.9,0.763,0.6,0.571,1.4,0.8,0.068,1.73,7.7,3.5,0.047,0.082,117.9,113.8,4.0,2.6,0.072,99.15,29.9
1628401,Derrick White,BOS,31.0,77,34.1,0.216,16.5,5.7,14.4,0.394,2.7,8.3,0.327,2.4,2.6,0.902,0.529,0.489,5.4,1.7,0.221,3.09,7.7,4.4,0.032,0.09,119.3,108.0,11.3,7.8,0.109,96.35,55.6
1630217,Desmond Bane,ORL,27.0,82,33.6,0.224,20.1,7.1,14.7,0.484,2.0,5.2,0.391,3.8,4.2,0.908,0.607,0.553,4.1,2.0,0.19,2.06,8.9,4.1,0.034,0.084,113.6,111.5,2.2,1.6,0.111,102.2,59.5
1626164,Devin Booker,PHX,29.0,64,33.5,0.307,26.1,8.5,18.7,0.456,1.9,5.8,0.33,7.1,8.1,0.873,0.585,0.507,6.0,3.1,0.293,1.92,10.1,3.9,0.021,0.091,115.9,112.0,3.9,3.1,0.142,100.72,79.7
1642269,Devin Carter,SAC,24.0,38,18.4,0.226,8.9,3.2,7.7,0.414,0.8,3.0,0.263,1.8,2.5,0.713,0.508,0.466,2.7,1.4,0.209,1.87,11.1,3.3,0.048,0.13,111.0,118.3,-7.3,-3.0,0.094,100.78,35.0
1630170,Devin Vassell,SAS,25.0,67,30.5,0.176,13.9,4.9,11.3,0.437,2.5,6.4,0.384,1.6,1.9,0.815,0.574,0.547,2.5,0.9,0.107,2.78,5.8,4.0,0.019,0.102,121.3,109.9,11.4,7.3,0.087,101.48,42.4
1628415,Dillon Brooks,PHX,30.0,56,30.4,0.279,20.2,7.4,17.1,0.435,2.3,6.6,0.344,3.0,3.6,0.842,0.54,0.501,1.8,1.8,0.095,1.01,7.9,3.6,0.024,0.094,113.7,114.8,-1.1,-0.9,0.088,100.54,64.8
1631230,Dominick Barlow,PHI,22.0,71,23.8,0.125,7.7,3.0,5.6,0.539,0.3,1.2,0.256,1.3,1.8,0.718,0.597,0.565,1.2,0.8,0.069,1.55,9.4,4.8,0.075,0.118,112.7,111.9,0.8,0.4,0.078,101.23,24.4
1642270,Donovan Clingan,POR,22.0,77,27.2,0.163,12.1,4.6,8.9,0.52,1.1,3.2,0.341,1.8,2.6,0.68,0.604,0.582,2.1,1.2,0.112,1.71,9.2,11.6,0.149,0.254,113.9,113.8,0.1,0.2,0.139,101.86,37.4
1628378,Donovan Mitchell,CLE,29.0,70,33.5,0.311,27.9,9.7,20.0,0.483,3.2,8.8,0.364,5.3,6.1,0.865,0.613,0.563,5.7,2.8,0.266,2.01,9.1,4.5,0.021,0.108,119.3,112.1,7.2,5.3,0.152,103.13,79.5
1628978,Donte DiVincenzo,MIN,29.0,82,30.4,0.164,12.2,4.1,10.2,0.406,3.0,7.9,0.379,1.0,1.3,0.743,0.567,0.552,3.8,1.4,0.164,2.65,9.0,4.1,0.026,0.1,116.3,110.0,6.2,4.1,0.084,102.07,39.6
1627827,Dorian Finney-Smith,HOU,33.0,37,16.8,0.104,3.3,1.2,3.6,0.333,0.7,2.7,0.27,0.2,0.2,0.889,0.452,0.436,1.0,0.6,0.078,1.64,11.3,2.5,0.054,0.087,109.4,107.6,1.8,0.4,0.034,99.32,9.8
203926,Doug McDermott,SAC,34.0,29,15.1,0.146,5.7,1.9,4.8,0.388,1.7,4.2,0.39,0.3,0.3,0.889,0.574,0.561,0.8,0.4,0.073,1.69,7.3,1.3,0.014,0.068,104.2,115.3,-11.1,-3.5,0.055,101.48,15.2
1642962,Drake Powell,BKN,20.0,63,20.9,0.149,6.5,2.3,5.7,0.402,0.8,2.9,0.28,1.1,1.2,0.896,0.521,0.473,1.4,1.0,0.113,1.52,11.0,1.8,0.016,0.07,100.3,116.3,-16.1,-7.1,0.053,98.56,24.3
203110,Draymond Green,GSW,36.0,68,27.5,0.158,8.4,3.0,7.2,0.418,1.5,4.6,0.326,0.9,1.2,0.702,0.54,0.52,5.5,2.7,0.278,2.08,16.7,5.5,0.029,0.168,109.4,113.6,-4.3,-2.0,0.084,101.72,31.7
1629234,Drew Eubanks,SAC,29.0,42,13.1,0.161,5.2,2.2,3.7,0.596,0.0,0.2,0.143,0.8,1.4,0.561,0.605,0.599,0.5,0.7,0.052,0.63,13.0,3.0,0.069,0.154,106.4,117.8,-11.4,-3.7,0.082,102.17,17.0
1630696,Dru Smith,MIA,28.0,70,16.3,0.142,5.6,1.9,4.6,0.415,0.5,1.8,0.295,1.2,1.5,0.829,0.532,0.474,2.6,0.8,0.214,3.27,9.1,2.5,0.047,0.085,107.1,110.3,-3.2,-1.2,0.091,107.2,20.2
1629130,Duncan Robinson,DET,32.0,77,27.4,0.152,12.2,4.1,9.1,0.456,2.9,7.0,0.41,1.1,1.4,0.755,0.629,0.613,2.1,0.7,0.094,2.94,5.7,2.7,0.014,0.08,120.8,109.5,11.3,7.0,0.078,101.22,34.6
203939,Dwight Powell,DAL,34.0,63,14.4,0.084,3.3,1.0,1.6,0.644,0.0,0.1,0.286,1.2,1.8,0.696,0.699,0.653,1.1,0.7,0.095,1.66,16.0,4.1,0.101,0.17,110.4,110.9,-0.5,-0.1,0.073,104.58,7.6
1642928,Dylan Cardwell,SAC,24.0,44,20.6,0.108,5.4,2.4,4.1,0.587,0.0,0.1,0.5,0.6,1.2,0.51,0.591,0.592,1.4,0.9,0.095,1.59,12.9,7.5,0.148,0.202,108.6,111.1,-2.5,-1.5,0.089,100.31,15.3
1642844,Dylan Harper,SAS,20.0,69,22.6,0.211,11.8,4.8,9.5,0.505,0.9,2.6,0.343,1.3,1.7,0.756,0.574,0.551,3.9,1.4,0.246,2.69,9.3,3.4,0.033,0.106,116.9,107.4,9.5,4.4,0.113,101.49,39.4
1630700,Dyson Daniels,ATL,23.0,76,33.2,0.157,11.9,5.3,10.2,0.517,0.3,1.5,0.188,1.0,1.6,0.615,0.542,0.532,5.9,1.8,0.23,3.33,9.6,6.8,0.071,0.129,116.8,110.6,6.2,4.0,0.106,103.18,40.3
1630604,E.J. Liddell,BKN,25.0,26,13.4,0.168,5.7,2.1,4.3,0.486,0.7,2.0,0.346,0.8,1.0,0.808,0.6,0.568,0.9,0.6,0.114,1.6,9.3,2.7,0.039,0.174,108.1,114.6,-6.5,-1.8,0.087,99.52,17.0
1642856,Egor Dëmin,BKN,20.0,52,25.2,0.182,10.3,3.4,8.6,0.399,2.4,6.2,0.385,1.0,1.3,0.831,0.561,0.537,3.3,1.7,0.199,2.01,11.7,3.2,0.015,0.116,109.5,115.4,-5.9,-3.1,0.081,99.16,34.1
1641989,Elijah Harkless,UTA,26.0,26,21.0,0.162,6.8,2.1,6.2,0.335,0.8,3.4,0.239,1.9,2.5,0.766,0.471,0.401,2.9,1.0,0.177,2.88,8.9,2.0,0.018,0.077,113.5,116.0,-2.5,-1.3,0.055,103.83,25.6
1630679,Ethan Thompson,IND,27.0,32,20.4,0.154,7.0,2.3,6.1,0.378,1.2,3.6,0.328,1.2,1.5,0.787,0.515,0.474,1.8,0.8,0.122,2.28,8.4,2.2,0.025,0.078,109.8,109.9,-0.1,0.0,0.051,101.84,23.1
1630596,Evan Mobley,CLE,24.0,65,31.9,0.221,18.2,7.2,13.2,0.546,1.0,3.2,0.297,2.8,4.6,0.606,0.596,0.582,3.6,1.9,0.168,1.92,9.1,9.0,0.073,0.196,117.0,111.3,5.7,3.4,0.135,101.89,55.3
1630532,Franz Wagner,ORL,24.0,34,30.0,0.256,20.6,7.2,14.9,0.481,1.4,4.1,0.345,4.8,5.8,0.823,0.588,0.529,3.3,1.7,0.175,1.95,7.6,5.2,0.041,0.128,114.2,110.6,3.6,2.4,0.134,104.86,60.2
1641713,GG Jackson,MEM,21.0,55,21.4,0.23,12.5,4.6,9.3,0.496,1.2,3.5,0.332,2.0,2.7,0.742,0.591,0.558,1.5,1.5,0.103,0.95,11.4,4.3,0.04,0.154,114.0,117.5,-3.5,-1.5,0.108,102.85,41.2
1629216,Gabe Vincent,ATL,29.0,53,16.6,0.119,4.4,1.4,4.1,0.352,1.1,3.3,0.341,0.4,0.4,0.87,0.511,0.488,1.4,0.5,0.109,2.81,8.2,1.0,0.02,0.041,117.3,116.0,1.3,0.7,0.033,101.94,13.8
203914,Gary Harris,MIL,31.0,48,13.8,0.082,2.7,1.0,2.2,0.442,0.6,1.4,0.412,0.2,0.2,0.889,0.593,0.577,1.1,0.4,0.105,2.68,10.7,1.3,0.025,0.072,105.9,115.5,-9.6,-2.8,0.048,98.9,4.3
1627780,Gary Payton II,GSW,33.0,73,15.6,0.177,7.5,3.3,5.7,0.583,0.5,1.7,0.291,0.4,0.5,0.65,0.632,0.628,1.7,0.8,0.164,1.98,10.0,3.6,0.084,0.143,111.2,113.5,-2.3,-1.5,0.114,102.7,24.4
1629018,Gary Trent Jr.,MIL,27.0,65,21.2,0.167,8.1,2.8,7.3,0.387,1.9,5.3,0.36,0.6,0.8,0.769,0.533,0.517,1.2,0.6,0.082,1.93,6.7,1.0,0.006,0.044,107.9,120.4,-12.4,-5.4,0.047,99.53,28.5
203507,Giannis Antetokounmpo,MIL,31.0,36,28.9,0.358,27.6,10.4,16.6,0.624,0.4,1.3,0.333,6.4,9.9,0.65,0.658,0.636,5.4,3.2,0.344,1.7,10.8,9.8,0.098,0.233,119.4,114.9,4.4,2.7,0.213,99.9,80.7
1629048,Goga Bitadze,ORL,26.0,64,15.2,0.128,5.9,2.4,3.5,0.676,0.0,0.2,0.182,1.1,1.5,0.711,0.7,0.68,1.3,0.7,0.124,1.95,10.9,5.0,0.131,0.183,112.6,111.0,1.6,0.3,0.122,102.52,15.8
1641711,Gradey Dick,TOR,22.0,76,14.0,0.176,6.0,2.1,5.1,0.419,0.7,2.4,0.301,1.0,1.2,0.875,0.538,0.492,0.7,0.6,0.066,1.21,8.1,1.9,0.038,0.095,110.8,106.7,4.1,1.6,0.07,103.25,23.8
1629684,Grant Williams,CHA,27.0,36,19.8,0.132,7.0,2.2,5.1,0.426,1.4,3.7,0.388,1.2,1.5,0.815,0.609,0.568,1.6,0.9,0.106,1.81,10.6,3.9,0.06,0.127,119.2,106.3,12.9,5.6,0.089,99.41,19.0
1628960,Grayson Allen,PHX,30.0,51,28.8,0.231,16.5,5.3,13.1,0.403,3.1,8.9,0.349,2.8,3.3,0.857,0.568,0.522,3.8,1.6,0.206,2.35,8.2,3.0,0.023,0.081,113.9,113.8,0.1,0.4,0.105,99.12,51.5
1627824,Guerschon Yabusele,CHI,30.0,67,15.0,0.155,5.6,1.9,4.7,0.401,1.0,2.9,0.352,0.8,1.1,0.75,0.543,0.511,0.9,0.6,0.087,1.54,9.2,3.5,0.052,0.17,107.4,115.3,-7.9,-2.5,0.077,103.86,20.3
1630611,Gui Santos,GSW,23.0,68,20.5,0.181,9.2,3.4,6.8,0.5,1.1,3.3,0.351,1.3,1.8,0.725,0.609,0.585,2.3,1.5,0.168,1.56,13.2,3.9,0.052,0.138,111.7,110.7,1.0,0.5,0.097,100.89,30.8
203084,Harrison Barnes,SAS,33.0,77,25.8,0.144,9.9,3.4,7.5,0.456,1.8,4.6,0.388,1.3,1.6,0.829,0.608,0.577,1.9,0.8,0.097,2.43,7.3,2.8,0.03,0.071,118.4,110.6,7.8,4.3,0.075,101.69,30.7
1630529,Herbert Jones,NOP,27.0,56,28.4,0.153,8.9,3.3,8.5,0.383,1.4,4.6,0.309,0.9,1.1,0.806,0.491,0.467,2.8,1.3,0.13,2.12,9.9,3.4,0.029,0.09,113.5,114.4,-0.9,-0.9,0.053,101.08,32.3
1642864,Hugo González,BOS,20.0,74,14.6,0.114,3.9,1.6,3.3,0.476,0.6,1.6,0.362,0.2,0.4,0.5,0.561,0.561,0.5,0.5,0.047,1.05,11.3,3.3,0.055,0.158,118.0,106.2,11.9,3.3,0.067,97.78,12.6
1630193,Immanuel Quickley,TOR,26.0,70,31.9,0.206,16.4,5.7,12.9,0.443,2.5,6.8,0.374,2.4,3.0,0.821,0.577,0.541,5.9,1.5,0.261,4.07,6.8,4.0,0.017,0.108,115.0,112.1,2.9,1.7,0.118,100.06,51.0
1630171,Isaac Okoro,CHI,25.0,63,26.9,0.137,9.3,3.3,7.3,0.46,1.2,3.5,0.33,1.4,1.8,0.795,0.574,0.539,1.6,0.7,0.079,2.17,7.0,2.7,0.04,0.058,112.1,120.6,-8.5,-5.3,0.05,103.21,29.4
1642268,Isaiah Collier,UTA,21.0,59,25.7,0.204,11.7,4.3,8.7,0.495,0.5,1.7,0.27,2.6,3.5,0.722,0.567,0.521,7.2,2.5,0.404,2.86,12.5,2.5,0.013,0.085,109.4,122.6,-13.2,-7.5,0.102,104.25,41.1
1628392,Isaiah Hartenstein,OKC,28.0,47,24.2,0.153,9.2,3.9,6.3,0.622,0.0,0.1,0.0,1.4,2.2,0.61,0.631,0.622,3.5,1.7,0.189,2.02,13.9,9.4,0.13,0.243,118.8,103.2,15.6,7.8,0.143,100.69,27.7
1630543,Isaiah Jackson,LAC,24.0,55,16.5,0.152,6.7,2.7,4.3,0.637,0.0,0.1,0.0,1.2,1.9,0.648,0.653,0.637,0.9,1.1,0.083,0.9,14.8,5.3,0.12,0.19,111.8,114.7,-2.9,-0.9,0.104,102.07,20.5
1630198,Isaiah Joe,OKC,26.0,71,21.2,0.178,11.1,3.5,7.6,0.455,2.5,6.0,0.423,1.5,1.7,0.894,0.657,0.622,1.3,0.6,0.089,2.09,6.2,2.5,0.022,0.09,116.9,105.2,11.7,5.0,0.099,101.43,32.1
1630191,Isaiah Stewart,DET,25.0,58,22.7,0.164,10.0,3.8,6.9,0.55,0.7,2.1,0.333,1.7,2.3,0.756,0.632,0.6,1.1,1.2,0.073,0.99,11.3,5.0,0.07,0.135,112.8,111.0,1.8,0.7,0.095,101.0,30.1
1627826,Ivica Zubac,IND,29.0,48,30.1,0.186,14.1,6.0,10.0,0.598,0.0,0.0,0.0,2.1,3.0,0.711,0.622,0.598,2.2,1.8,0.11,1.22,11.7,10.6,0.117,0.234,115.6,117.9,-2.4,-1.0,0.13,97.51,41.7
1629630,Ja Morant,MEM,26.0,20,28.4,0.305,19.5,6.6,16.1,0.41,1.0,4.3,0.235,5.3,5.9,0.897,0.521,0.441,8.1,3.6,0.447,2.27,11.7,3.3,0.013,0.096,109.5,113.9,-4.4,-2.5,0.128,106.6,66.0
1642266,Ja'Kobe Walter,TOR,21.0,72,20.5,0.136,7.5,2.5,5.6,0.446,1.5,3.7,0.409,1.0,1.3,0.789,0.61,0.582,1.2,0.5,0.079,2.32,6.5,2.6,0.037,0.088,111.6,110.7,0.9,0.0,0.069,100.83,23.2
1631095,Jabari Smith Jr.,HOU,23.0,77,35.1,0.179,15.8,5.7,12.7,0.449,2.3,6.3,0.363,2.1,2.7,0.775,0.569,0.54,1.9,1.4,0.073,1.36,8.0,6.9,0.039,0.152,117.0,112.0,5.0,3.4,0.093,97.66,49.4
1630702,Jaden Hardy,WAS,23.0,57,15.8,0.239,9.2,3.2,7.5,0.424,1.8,4.6,0.397,1.0,1.3,0.733,0.566,0.545,1.0,1.1,0.095,0.94,10.6,1.5,0.017,0.078,112.0,116.4,-4.4,-1.5,0.066,103.45,34.5
1631093,Jaden Ivey,CHI,24.0,37,18.1,0.192,8.5,3.1,6.9,0.445,1.4,3.6,0.373,1.0,1.3,0.809,0.571,0.543,1.8,1.1,0.145,1.66,10.6,2.5,0.034,0.096,110.3,108.2,2.1,0.7,0.091,101.98,27.7
1630183,Jaden McDaniels,MIN,25.0,73,31.7,0.182,14.8,5.7,11.1,0.515,1.4,3.4,0.412,2.0,2.4,0.835,0.611,0.579,2.7,1.8,0.121,1.52,10.8,4.2,0.033,0.094,115.5,112.4,3.1,1.6,0.088,102.0,44.8
1642942,Jahmai Mashack,MEM,23.0,31,21.7,0.156,6.2,2.5,6.3,0.395,0.6,2.4,0.253,0.6,1.1,0.543,0.456,0.444,2.2,1.6,0.141,1.41,14.9,2.6,0.031,0.086,106.2,120.7,-14.5,-6.8,0.041,104.0,23.7
1631170,Jaime Jaquez Jr.,MIA,25.0,75,28.3,0.216,15.4,6.2,12.2,0.507,0.8,2.4,0.317,2.2,2.9,0.769,0.57,0.539,4.7,2.0,0.24,2.32,10.1,5.0,0.042,0.117,114.7,111.9,2.9,1.9,0.113,105.49,49.4
1631222,Jake LaRavia,LAL,24.0,82,25.1,0.138,8.2,2.9,6.4,0.459,1.0,3.0,0.321,1.4,1.9,0.763,0.571,0.533,1.8,1.1,0.093,1.67,10.6,4.0,0.059,0.103,116.1,116.1,0.0,-0.1,0.067,100.51,28.9
1627751,Jakob Poeltl,TOR,30.0,46,25.0,0.15,10.7,4.7,6.7,0.7,0.0,0.0,0.0,1.3,2.1,0.602,0.698,0.7,2.0,1.2,0.111,1.63,11.3,7.0,0.102,0.188,114.7,112.6,2.0,1.0,0.115,100.36,28.1
1628973,Jalen Brunson,NYK,29.0,74,35.0,0.296,26.0,9.3,19.9,0.467,2.6,7.1,0.369,4.8,5.7,0.841,0.58,0.533,6.8,2.4,0.307,2.87,7.5,3.3,0.012,0.083,120.2,114.1,6.1,4.8,0.135,98.25,78.1
1631105,Jalen Duren,DET,22.0,70,28.2,0.231,19.5,7.5,11.5,0.65,0.0,0.0,0.0,4.6,6.1,0.747,0.688,0.65,2.0,1.9,0.104,1.06,10.3,10.5,0.132,0.23,120.0,108.2,11.8,6.9,0.177,100.81,54.6
1630224,Jalen Green,PHX,24.0,32,25.9,0.309,17.8,6.8,16.0,0.422,2.2,7.1,0.313,2.0,2.7,0.747,0.516,0.491,2.8,2.3,0.181,1.26,10.1,3.6,0.017,0.122,114.2,113.5,0.7,1.0,0.106,99.56,61.0
1630552,Jalen Johnson,ATL,24.0,72,35.2,0.264,22.5,8.3,17.1,0.489,1.7,4.7,0.352,4.2,5.3,0.788,0.581,0.537,7.9,3.4,0.325,2.32,11.1,10.3,0.038,0.241,115.5,112.3,3.2,2.6,0.161,103.58,69.6
1629618,Jalen Pickett,DEN,26.0,50,16.1,0.148,5.2,2.0,4.6,0.422,1.0,2.5,0.386,0.3,0.4,0.789,0.541,0.528,2.3,0.7,0.208,3.38,8.8,2.3,0.022,0.107,112.1,112.4,-0.4,0.1,0.084,97.97,17.6
1630188,Jalen Smith,CHI,26.0,53,20.7,0.183,10.2,3.7,7.6,0.483,1.5,4.2,0.373,1.3,1.8,0.742,0.608,0.584,1.2,1.0,0.081,1.23,9.4,6.7,0.085,0.218,116.4,113.0,3.4,1.6,0.109,103.79,31.1
1630591,Jalen Suggs,ORL,24.0,57,27.6,0.22,13.8,4.9,11.4,0.435,2.1,6.3,0.339,1.8,2.1,0.855,0.561,0.529,5.5,2.7,0.284,2.05,13.1,3.9,0.022,0.112,113.6,108.4,5.2,3.2,0.11,104.54,45.7
1631114,Jalen Williams,OKC,25.0,33,28.4,0.252,17.1,6.5,13.5,0.484,0.7,2.3,0.299,3.3,3.9,0.837,0.56,0.51,5.5,1.9,0.274,2.87,8.5,4.6,0.029,0.124,118.1,106.4,11.7,6.9,0.135,102.62,53.9
1630592,Jalen Wilson,BKN,25.0,54,15.9,0.177,6.4,2.0,5.1,0.396,1.0,2.8,0.355,1.3,1.8,0.719,0.536,0.493,0.9,0.7,0.098,1.32,9.3,2.1,0.019,0.122,104.5,115.4,-10.9,-3.6,0.061,98.57,24.1
1631288,Jamal Cain,ORL,27.0,40,12.1,0.159,5.4,1.9,3.8,0.487,0.7,1.8,0.384,1.0,1.2,0.848,0.624,0.579,0.7,0.5,0.085,1.53,8.6,2.0,0.055,0.109,118.0,113.5,4.5,1.1,0.081,100.94,15.9
1627750,Jamal Murray,DEN,29.0,75,35.4,0.269,25.4,8.8,18.1,0.483,3.3,7.5,0.435,4.6,5.2,0.887,0.622,0.573,7.1,2.3,0.298,3.13,7.7,4.4,0.013,0.109,124.4,117.7,6.8,5.8,0.142,99.84,71.8
1642347,Jamal Shead,TOR,23.0,82,22.6,0.149,6.6,2.3,6.1,0.367,1.0,3.2,0.321,1.1,1.4,0.784,0.491,0.45,5.4,1.4,0.306,3.96,10.1,1.7,0.014,0.064,114.1,108.3,5.8,2.8,0.078,100.44,27.6
1631123,Jamaree Bouyea,PHX,26.0,46,14.0,0.184,5.7,2.3,5.1,0.458,0.5,1.7,0.295,0.5,0.8,0.686,0.523,0.506,1.8,0.7,0.191,2.73,8.3,1.8,0.026,0.1,106.0,104.6,1.4,0.5,0.103,96.74,21.7
201935,James Harden,CLE,36.0,70,34.8,0.279,23.6,7.0,16.0,0.434,3.1,8.2,0.375,6.6,7.5,0.884,0.61,0.529,8.0,3.5,0.347,2.27,11.5,4.8,0.017,0.119,118.8,117.0,1.8,1.4,0.143,98.24,72.8
1642364,Jamir Watkins,WAS,24.0,50,20.6,0.148,7.4,2.6,5.9,0.446,0.9,3.2,0.297,1.1,1.6,0.695,0.554,0.525,1.3,0.8,0.089,1.68,9.1,3.9,0.046,0.14,109.4,115.8,-6.4,-3.3,0.069,103.26,23.8
1641716,Jarace Walker,IND,22.0,76,25.7,0.2,11.6,4.0,9.6,0.419,1.8,4.7,0.374,1.8,2.4,0.749,0.543,0.51,2.5,1.8,0.143,1.38,12.1,5.1,0.023,0.17,106.5,117.6,-11.1,-6.0,0.09,104.46,41.6
1642272,Jared McCain,OKC,22.0,67,17.3,0.198,8.3,3.0,7.2,0.425,1.5,3.8,0.385,0.8,0.9,0.864,0.551,0.528,1.3,0.8,0.111,1.61,8.6,2.0,0.019,0.092,113.5,108.9,4.6,1.9,0.079,102.61,30.2
1628991,Jaren Jackson Jr.,UTA,26.0,48,30.3,0.253,19.4,7.1,15.0,0.476,1.8,4.9,0.357,3.4,4.2,0.803,0.576,0.534,2.0,2.2,0.105,0.88,10.6,5.7,0.027,0.14,108.7,110.8,-2.0,-1.3,0.107,103.6,58.9
1629020,Jarred Vanderbilt,LAL,27.0,65,17.3,0.119,4.4,1.7,3.7,0.471,0.4,1.5,0.293,0.5,0.9,0.589,0.544,0.531,1.3,0.9,0.098,1.5,13.8,4.5,0.073,0.194,113.9,113.7,0.2,0.1,0.08,100.41,15.4
1628386,Jarrett Allen,CLE,28.0,56,27.1,0.196,15.4,6.0,9.4,0.638,0.0,0.2,0.1,3.3,4.7,0.709,0.669,0.639,1.8,1.3,0.092,1.33,9.1,8.5,0.097,0.202,119.3,112.9,6.4,3.8,0.143,102.56,43.5
1642914,Javon Small,MEM,23.0,41,20.2,0.183,9.7,3.3,7.0,0.465,1.5,3.5,0.423,1.7,2.0,0.829,0.611,0.569,3.7,1.4,0.257,2.7,10.6,3.1,0.04,0.109,111.7,117.4,-5.7,-2.6,0.109,104.37,29.3
1629750,Javonte Green,DET,32.0,82,17.6,0.143,6.9,2.3,5.0,0.447,1.1,3.0,0.381,1.3,1.5,0.84,0.607,0.56,0.7,0.5,0.052,1.24,7.9,2.8,0.042,0.112,113.0,105.4,7.6,2.6,0.095,102.74,22.6
1629637,Jaxson Hayes,LAL,25.0,66,18.3,0.124,7.5,3.0,4.0,0.756,0.0,0.0,1.0,1.5,2.3,0.653,0.758,0.761,0.9,0.5,0.071,1.9,7.4,4.1,0.083,0.139,115.5,113.1,2.4,1.1,0.109,100.49,19.2
1630643,Jay Huff,IND,28.0,82,21.0,0.178,9.5,3.5,7.5,0.476,1.5,4.5,0.319,1.0,1.2,0.828,0.598,0.574,1.5,0.9,0.105,1.59,9.0,4.0,0.041,0.135,107.4,113.7,-6.3,-3.1,0.092,102.99,31.9
1627759,Jaylen Brown,BOS,29.0,71,34.4,0.351,28.7,10.4,21.7,0.477,2.0,5.7,0.347,6.0,7.5,0.795,0.573,0.522,5.1,3.6,0.251,1.41,10.8,6.9,0.032,0.155,119.5,113.0,6.5,4.5,0.152,97.73,89.5
1641740,Jaylen Clark,MIN,24.0,68,13.1,0.126,4.0,1.5,3.4,0.434,0.5,1.5,0.327,0.6,1.0,0.657,0.534,0.507,0.6,0.3,0.064,1.87,7.1,1.8,0.056,0.069,113.0,108.9,4.1,1.1,0.054,103.47,13.8
1642377,Jaylen Wells,MEM,22.0,69,26.4,0.189,12.5,4.4,10.1,0.431,1.9,5.3,0.353,1.9,2.5,0.784,0.559,0.524,1.6,1.1,0.085,1.5,7.8,3.2,0.031,0.086,113.4,117.8,-4.4,-2.6,0.069,102.14,41.0
1631119,Jaylin Williams,OKC,23.0,65,19.7,0.153,7.2,2.3,5.4,0.423,1.5,3.9,0.383,1.1,1.4,0.793,0.597,0.563,2.4,1.0,0.169,2.36,10.9,5.5,0.025,0.225,114.6,103.1,11.5,4.7,0.115,102.17,24.1
1642281,Jaylon Tyson,CLE,23.0,66,26.9,0.189,13.2,5.0,10.2,0.493,2.0,4.5,0.446,1.2,1.6,0.738,0.608,0.592,2.2,1.5,0.115,1.48,10.3,5.1,0.064,0.118,117.0,113.4,3.6,1.7,0.092,101.39,39.8
203924,Jerami Grant,POR,32.0,57,29.7,0.228,18.6,5.8,12.8,0.453,2.4,6.1,0.389,4.6,5.6,0.814,0.608,0.547,2.1,2.1,0.107,1.03,10.8,3.5,0.03,0.082,114.9,115.2,-0.3,-0.1,0.094,104.02,55.2
1642847,Jeremiah Fears,NOP,19.0,82,25.8,0.245,14.3,5.3,12.3,0.434,1.2,3.7,0.33,2.4,3.0,0.789,0.525,0.485,3.4,2.2,0.195,1.57,11.3,3.7,0.026,0.109,111.8,118.2,-6.4,-3.5,0.093,102.98,52.4
1630526,Jeremiah Robinson-Earl,DAL,25.0,22,16.4,0.129,4.6,1.7,4.5,0.37,0.5,1.9,0.244,0.8,0.8,0.944,0.468,0.42,0.7,0.5,0.057,1.25,9.0,4.7,0.088,0.183,109.3,119.5,-10.2,-3.9,0.069,104.82,13.6
1630579,Jericho Sims,MIL,27.0,67,19.7,0.095,5.0,2.2,2.8,0.784,0.0,0.0,0.0,0.7,1.1,0.62,0.772,0.784,1.6,1.1,0.109,1.39,19.0,5.5,0.115,0.171,110.3,120.3,-10.1,-4.1,0.083,97.72,13.0
1641724,Jett Howard,ORL,22.0,55,12.6,0.166,5.5,1.9,4.6,0.418,1.0,2.6,0.372,0.7,0.7,0.949,0.561,0.526,0.8,0.3,0.095,3.0,4.6,1.6,0.03,0.096,112.6,118.1,-5.5,-1.3,0.07,100.55,18.6
1628975,Jevon Carter,ORL,30.0,53,16.4,0.166,6.4,2.3,5.8,0.401,1.5,4.1,0.363,0.3,0.4,0.789,0.537,0.528,1.6,0.7,0.148,2.42,8.2,1.7,0.015,0.085,110.0,115.6,-5.7,-1.6,0.074,101.62,21.9
202710,Jimmy Butler III,GSW,36.0,38,31.1,0.226,20.0,6.3,12.2,0.519,0.8,2.2,0.376,6.5,7.6,0.864,0.646,0.554,4.9,1.6,0.24,3.08,7.2,5.6,0.073,0.101,116.6,109.2,7.3,4.9,0.155,101.73,56.3
1629111,Jock Landale,ATL,30.0,68,22.1,0.177,10.6,4.1,8.1,0.515,1.1,2.8,0.383,1.2,1.9,0.635,0.595,0.582,1.7,0.9,0.11,1.92,7.7,5.7,0.111,0.136,114.6,116.8,-2.2,-0.8,0.098,101.83,33.2
203954,Joel Embiid,PHI,32.0,38,31.6,0.336,26.9,9.0,18.3,0.489,1.4,4.2,0.333,7.5,8.8,0.854,0.605,0.527,3.9,2.9,0.209,1.38,9.9,7.7,0.063,0.169,119.1,113.2,5.8,4.1,0.163,100.69,80.5
1628381,John Collins,LAC,28.0,69,27.1,0.188,13.6,5.3,9.6,0.552,1.3,3.2,0.406,1.7,2.2,0.766,0.643,0.62,1.0,1.4,0.058,0.74,10.7,5.3,0.061,0.135,113.9,115.1,-1.2,-0.6,0.098,97.98,40.1
1629723,John Konchar,UTA,30.0,56,19.9,0.09,4.4,1.7,3.6,0.472,0.5,1.8,0.283,0.6,0.8,0.727,0.568,0.543,2.1,0.6,0.136,3.37,9.4,4.3,0.059,0.14,106.1,112.0,-5.9,-2.6,0.09,105.42,12.3
1642277,Johnny Furphy,IND,21.0,35,18.4,0.125,5.1,2.0,4.3,0.47,0.7,2.0,0.324,0.5,1.0,0.486,0.547,0.547,1.2,0.8,0.085,1.41,12.4,4.4,0.049,0.191,110.1,114.8,-4.6,-1.7,0.066,102.22,15.3
202685,Jonas Valančiūnas,DEN,34.0,65,13.4,0.26,8.7,3.5,6.0,0.582,0.1,0.4,0.308,1.6,2.1,0.772,0.63,0.592,1.2,1.1,0.15,1.07,12.1,5.1,0.124,0.246,114.6,116.6,-2.0,-0.7,0.15,97.23,35.4
1630228,Jonathan Kuminga,ATL,23.0,36,23.1,0.226,12.2,4.4,9.4,0.463,1.0,2.9,0.333,2.5,3.4,0.724,0.557,0.515,2.3,1.9,0.148,1.24,12.3,5.6,0.056,0.182,112.0,108.0,4.1,2.0,0.111,102.73,41.3
203903,Jordan Clarkson,NYK,33.0,72,17.8,0.203,8.6,3.3,7.3,0.451,1.0,3.0,0.327,1.1,1.3,0.83,0.548,0.517,1.3,0.9,0.11,1.52,8.7,1.8,0.047,0.049,115.4,111.7,3.7,1.5,0.068,98.78,32.2
1630692,Jordan Goodwin,PHX,27.0,70,22.5,0.167,8.7,3.3,7.9,0.413,1.6,4.3,0.371,0.6,0.8,0.696,0.525,0.514,2.2,1.0,0.136,2.22,8.5,4.9,0.08,0.134,113.4,110.1,3.3,1.3,0.098,99.3,30.5
1641722,Jordan Hawkins,NOP,24.0,51,13.6,0.175,5.1,1.8,5.0,0.366,0.9,2.6,0.348,0.5,0.5,0.852,0.48,0.457,0.8,0.7,0.086,1.24,9.9,1.7,0.026,0.089,107.0,116.8,-9.8,-2.6,0.055,103.84,20.2
1641757,Jordan Miller,LAC,26.0,60,22.1,0.177,10.0,3.5,6.7,0.531,0.6,1.8,0.345,2.3,2.9,0.777,0.628,0.579,2.3,1.1,0.157,2.16,9.3,3.0,0.041,0.097,114.3,114.7,-0.4,-0.2,0.106,98.57,32.1
1629673,Jordan Poole,NOP,26.0,39,23.9,0.235,13.4,4.2,11.4,0.372,2.5,7.4,0.333,2.5,2.9,0.86,0.53,0.48,3.1,1.8,0.185,1.72,10.2,2.0,0.009,0.067,109.4,117.3,-7.9,-3.7,0.073,104.18,45.2
1641775,Jordan Walsh,BOS,22.0,68,17.8,0.114,5.4,2.0,3.9,0.509,0.7,1.8,0.384,0.6,0.8,0.772,0.623,0.599,0.8,0.5,0.059,1.54,9.2,4.0,0.069,0.146,117.9,112.8,5.1,1.4,0.08,95.8,15.4
1630631,Jose Alvarado,NYK,28.0,69,19.9,0.167,7.4,2.7,6.5,0.416,1.5,4.2,0.352,0.5,0.7,0.761,0.543,0.529,3.4,1.1,0.244,3.04,9.9,2.5,0.018,0.1,112.0,110.7,1.3,0.3,0.088,99.57,26.7
1630581,Josh Giddey,CHI,23.0,54,32.1,0.238,17.0,5.9,13.3,0.448,1.9,5.2,0.364,3.2,4.2,0.763,0.562,0.52,9.1,3.6,0.41,2.52,13.0,8.3,0.037,0.201,112.1,117.1,-5.0,-3.5,0.142,104.46,56.1
1630182,Josh Green,CHA,25.0,58,15.7,0.104,4.3,1.4,3.1,0.459,1.0,2.4,0.42,0.4,0.5,0.893,0.644,0.619,0.8,0.6,0.069,1.34,12.8,1.8,0.048,0.06,118.5,106.0,12.5,3.6,0.059,98.23,10.6
1628404,Josh Hart,NYK,31.0,66,30.2,0.163,12.0,4.6,9.0,0.508,1.5,3.7,0.413,1.4,1.9,0.72,0.612,0.593,4.8,1.9,0.212,2.48,11.8,7.4,0.047,0.2,118.0,112.5,5.5,3.2,0.118,98.97,37.3
1631169,Josh Minott,BKN,23.0,49,17.0,0.162,7.4,2.6,5.1,0.5,1.3,3.1,0.418,1.0,1.2,0.787,0.653,0.627,0.9,0.9,0.083,1.07,11.8,3.2,0.055,0.128,111.7,111.7,-0.1,-0.5,0.104,98.94,21.6
1629006,Josh Okogie,HOU,27.0,78,17.4,0.112,4.5,1.6,3.8,0.425,0.8,2.1,0.385,0.5,0.9,0.594,0.544,0.531,0.9,0.5,0.065,1.68,9.4,2.6,0.059,0.085,115.4,109.9,5.6,0.9,0.056,98.25,15.8
201950,Jrue Holiday,POR,35.0,53,29.4,0.227,16.3,6.0,13.4,0.451,2.6,6.8,0.378,1.7,2.0,0.838,0.573,0.548,6.1,2.8,0.302,2.21,12.0,4.6,0.042,0.108,114.6,108.6,6.1,3.7,0.124,103.5,50.0
1630577,Julian Champagnie,SAS,24.0,82,27.6,0.146,11.1,3.7,8.4,0.437,2.4,6.2,0.381,1.4,1.6,0.844,0.609,0.578,1.5,0.8,0.071,1.84,7.4,5.8,0.032,0.161,120.4,108.0,12.4,7.2,0.091,102.55,33.7
1631124,Julian Strawther,DEN,24.0,57,15.1,0.187,7.2,2.6,5.6,0.467,1.0,2.6,0.387,1.0,1.2,0.814,0.59,0.558,1.1,0.6,0.101,1.69,8.1,2.0,0.014,0.112,115.0,113.5,1.5,0.4,0.082,101.86,24.9
203944,Julius Randle,MIN,31.0,79,33.0,0.258,21.1,7.3,15.3,0.481,1.4,4.4,0.315,5.0,6.3,0.802,0.585,0.526,5.0,2.7,0.227,1.83,10.7,6.7,0.05,0.146,117.0,113.1,4.0,2.9,0.128,102.3,67.1
1630551,Justin Champagnie,WAS,24.0,69,20.0,0.161,8.7,3.4,6.7,0.502,0.8,2.4,0.319,1.2,1.5,0.784,0.589,0.56,1.2,0.7,0.087,1.87,7.1,5.6,0.098,0.171,110.0,119.4,-9.4,-4.3,0.106,103.51,27.6
1642348,Justin Edwards,PHI,22.0,64,15.3,0.154,6.0,2.2,5.0,0.447,1.0,2.8,0.372,0.5,0.6,0.846,0.572,0.552,1.3,0.6,0.114,2.22,7.9,1.5,0.025,0.07,111.7,115.0,-3.4,-1.1,0.068,103.91,19.8
203994,Jusuf Nurkić,UTA,31.0,41,26.4,0.186,10.9,4.4,8.7,0.503,0.6,1.7,0.352,1.5,2.8,0.549,0.548,0.538,4.8,2.5,0.261,1.94,14.3,10.4,0.089,0.279,109.5,117.4,-7.9,-4.6,0.121,105.32,36.8
1642354,KJ Simpson,DEN,23.0,20,12.9,0.21,4.6,1.7,5.0,0.343,0.6,2.0,0.3,0.6,0.9,0.611,0.426,0.404,2.2,1.3,0.246,1.72,14.3,1.9,0.034,0.112,110.1,110.0,0.0,-0.1,0.065,100.24,22.2
1642880,Kam Jones,IND,24.0,37,16.7,0.141,4.4,1.8,4.6,0.402,0.6,2.0,0.293,0.1,0.2,0.5,0.47,0.467,3.2,1.0,0.262,3.31,11.0,1.6,0.024,0.071,106.0,116.0,-10.0,-3.9,0.061,104.2,15.7
1626157,Karl-Anthony Towns,NYK,30.0,75,31.0,0.251,20.1,6.9,13.8,0.501,1.5,4.1,0.368,4.8,5.5,0.858,0.619,0.556,3.0,2.5,0.142,1.21,11.6,11.9,0.101,0.283,118.8,111.8,7.0,5.0,0.154,99.48,61.4
1631255,Karlo Matković,NOP,25.0,62,14.7,0.128,5.7,2.3,3.8,0.604,0.6,1.5,0.422,0.5,0.7,0.732,0.696,0.685,0.8,0.5,0.079,1.47,10.1,3.7,0.074,0.155,107.2,111.6,-4.4,-1.5,0.108,102.42,14.6
1642857,Kasparas Jakučionis,MIA,19.0,53,17.8,0.129,6.2,1.9,4.5,0.429,1.2,2.9,0.423,1.1,1.2,0.879,0.614,0.567,2.6,0.9,0.178,2.74,11.0,2.6,0.04,0.096,115.9,112.9,3.0,1.4,0.073,106.96,17.5
202695,Kawhi Leonard,LAC,34.0,65,32.1,0.326,27.9,9.8,19.4,0.505,2.6,6.8,0.387,5.7,6.4,0.892,0.629,0.573,3.6,2.0,0.193,1.76,7.4,6.4,0.036,0.162,120.3,112.8,7.5,5.2,0.185,97.53,79.7
1631099,Keegan Murray,SAC,25.0,23,34.5,0.182,14.0,5.5,13.0,0.42,1.3,4.9,0.277,1.7,2.1,0.776,0.499,0.472,1.7,1.2,0.07,1.41,7.0,5.7,0.039,0.122,107.6,118.4,-10.7,-7.1,0.078,100.29,44.6
1642276,Kel'el Ware,MIA,22.0,77,22.1,0.174,11.1,4.5,8.4,0.53,1.2,3.0,0.395,0.9,1.2,0.74,0.616,0.601,0.7,0.8,0.046,0.9,7.7,9.0,0.113,0.247,113.1,114.1,-1.0,-0.9,0.137,105.48,33.0
1629640,Keldon Johnson,SAS,26.0,82,23.3,0.201,13.2,5.0,9.7,0.519,1.2,3.3,0.363,1.9,2.4,0.794,0.613,0.582,1.4,0.9,0.085,1.59,6.6,5.4,0.067,0.143,116.0,108.2,7.8,3.9,0.118,102.22,41.0
1626162,Kelly Oubre Jr.,PHI,30.0,50,31.5,0.179,14.1,5.1,10.9,0.467,1.7,4.8,0.36,2.2,2.9,0.766,0.58,0.546,1.6,1.4,0.073,1.16,9.2,5.0,0.031,0.121,115.3,117.2,-1.9,-1.3,0.083,100.39,42.9
1629026,Kenrich Williams,OKC,31.0,56,15.3,0.178,6.5,2.5,5.3,0.473,0.9,2.3,0.388,0.6,0.9,0.635,0.569,0.557,1.4,0.8,0.132,1.84,9.8,3.3,0.068,0.143,112.6,109.5,3.1,0.8,0.098,100.84,23.0
203484,Kentavious Caldwell-Pope,MEM,33.0,51,21.3,0.173,8.4,2.9,7.2,0.41,1.1,3.4,0.316,1.4,1.6,0.913,0.533,0.485,2.7,1.2,0.181,2.28,10.1,2.5,0.017,0.094,110.8,115.3,-4.5,-2.2,0.083,102.31,29.2
1631165,Keon Ellis,CLE,26.0,72,20.5,0.129,6.7,2.3,5.3,0.44,1.3,3.5,0.363,0.7,1.0,0.729,0.579,0.559,1.0,0.6,0.067,1.76,7.8,1.9,0.025,0.066,110.6,115.4,-4.8,-2.0,0.058,100.49,21.4
201142,Kevin Durant,HOU,37.0,78,36.4,0.263,26.0,9.2,17.6,0.52,2.4,5.8,0.413,5.2,6.0,0.874,0.641,0.588,4.8,3.2,0.203,1.51,11.3,5.5,0.014,0.131,117.9,112.4,5.5,4.4,0.15,98.14,72.4
1628989,Kevin Huerter,DET,27.0,69,22.5,0.184,10.0,3.9,8.6,0.451,1.4,4.7,0.308,0.8,1.0,0.775,0.552,0.535,2.6,1.0,0.161,2.47,8.2,3.5,0.021,0.125,113.1,110.8,2.3,1.2,0.093,102.94,33.7
201567,Kevin Love,UTA,37.0,37,16.6,0.161,6.7,2.1,5.4,0.397,1.4,3.8,0.373,1.0,1.2,0.841,0.568,0.53,1.8,0.8,0.145,2.23,9.6,5.8,0.083,0.256,115.8,122.5,-6.7,-2.2,0.103,104.18,20.7
1629645,Kevin Porter Jr.,MIL,26.0,38,33.2,0.236,17.4,6.3,13.5,0.465,1.2,3.8,0.322,3.6,4.1,0.878,0.567,0.51,7.4,2.9,0.336,2.55,11.3,5.2,0.027,0.123,111.4,116.1,-4.7,-2.8,0.132,99.18,55.4
1626172,Kevon Looney,NOP,30.0,21,14.6,0.096,2.8,1.2,2.9,0.417,0.1,0.6,0.154,0.3,0.5,0.7,0.458,0.433,1.6,0.4,0.148,3.78,8.3,5.6,0.132,0.214,105.3,115.7,-10.4,-3.0,0.093,102.64,5.7
1641718,Keyonte George,UTA,22.0,54,33.1,0.275,23.6,7.4,16.3,0.456,2.5,6.7,0.371,6.2,7.0,0.892,0.609,0.532,6.1,3.1,0.286,2.0,10.8,3.7,0.012,0.096,115.1,123.6,-8.6,-6.2,0.122,103.25,69.7
203114,Khris Middleton,DAL,34.0,63,22.8,0.198,10.2,3.6,8.6,0.42,1.1,3.0,0.36,1.9,2.2,0.875,0.533,0.482,2.8,1.7,0.171,1.63,12.3,3.7,0.033,0.118,110.0,121.1,-11.1,-5.3,0.073,103.88,36.9
1630165,Killian Hayes,SAC,24.0,23,17.6,0.179,5.5,1.8,6.0,0.304,0.7,2.7,0.27,1.1,1.2,0.929,0.422,0.366,3.5,1.2,0.265,2.89,10.8,2.3,0.009,0.117,107.8,110.6,-2.8,-0.8,0.071,100.91,23.2
202691,Klay Thompson,DAL,36.0,69,21.7,0.214,11.7,4.1,10.6,0.393,2.9,7.6,0.383,0.5,0.7,0.766,0.541,0.532,1.4,0.9,0.096,1.52,7.0,2.1,0.011,0.074,106.3,111.0,-4.7,-1.9,0.077,106.06,39.3
1641738,Kobe Brown,IND,26.0,61,15.8,0.154,5.8,2.1,4.4,0.469,0.9,2.3,0.374,0.8,1.0,0.797,0.594,0.565,1.3,0.9,0.123,1.51,12.3,3.0,0.072,0.119,108.4,119.0,-10.5,-3.6,0.078,100.6,19.6
1642920,Kobe Sanders,LAC,23.0,68,19.9,0.155,7.3,2.6,5.6,0.466,1.2,2.9,0.408,0.8,1.0,0.826,0.597,0.57,1.6,1.2,0.117,1.35,13.4,2.3,0.022,0.088,113.1,112.9,0.2,0.5,0.062,99.33,24.4
1642851,Kon Knueppel,CHA,20.0,81,31.5,0.216,18.5,6.4,13.4,0.475,3.4,7.9,0.425,2.4,2.8,0.863,0.633,0.601,3.4,2.0,0.158,1.7,10.0,5.3,0.036,0.128,119.2,113.0,6.2,4.0,0.115,99.73,53.3
1627739,Kris Dunn,LAC,32.0,82,27.2,0.122,7.3,2.8,5.8,0.476,1.0,2.6,0.374,0.8,1.0,0.765,0.581,0.56,3.6,1.4,0.179,2.66,12.1,3.3,0.028,0.097,114.6,114.1,0.5,0.2,0.074,98.23,26.0
1631200,Kris Murray,POR,25.0,57,23.4,0.103,5.8,2.3,4.8,0.467,0.6,2.1,0.279,0.7,1.0,0.684,0.55,0.529,1.4,0.8,0.082,1.72,11.0,3.6,0.062,0.084,110.6,109.1,1.5,0.8,0.063,102.27,18.0
204001,Kristaps Porziņģis,GSW,30.0,32,24.0,0.265,16.7,5.4,12.1,0.446,1.7,5.0,0.338,4.2,4.9,0.842,0.582,0.515,2.5,1.3,0.162,1.98,7.0,5.2,0.05,0.158,113.8,110.8,3.0,1.4,0.124,103.63,52.3
203937,Kyle Anderson,MIN,32.0,43,19.8,0.131,6.2,2.5,4.7,0.53,0.1,0.3,0.364,1.1,1.6,0.706,0.573,0.54,2.9,0.9,0.204,3.23,9.8,3.5,0.047,0.121,107.4,111.6,-4.2,-1.9,0.095,103.85,19.0
1642271,Kyle Filipowski,UTA,22.0,77,23.4,0.197,11.4,4.2,8.5,0.492,1.0,3.0,0.325,2.1,2.8,0.75,0.586,0.548,2.6,1.6,0.156,1.58,11.6,7.2,0.076,0.225,113.7,120.4,-6.6,-3.3,0.106,104.07,39.1
1628398,Kyle Kuzma,MIL,30.0,69,26.2,0.212,13.0,4.9,10.0,0.492,1.2,3.5,0.347,2.0,2.7,0.726,0.581,0.552,2.7,1.7,0.153,1.55,11.1,4.5,0.032,0.134,110.2,116.8,-6.6,-4.1,0.096,100.59,43.8
1642273,Kyshawn George,WAS,22.0,48,29.0,0.222,14.8,5.3,12.0,0.438,2.1,5.4,0.381,2.2,2.7,0.802,0.559,0.524,4.5,2.6,0.226,1.71,12.9,5.1,0.028,0.135,108.3,119.7,-11.5,-7.4,0.09,103.49,47.8
1630163,LaMelo Ball,CHA,24.0,72,28.0,0.306,20.1,7.0,17.3,0.407,3.8,10.3,0.368,2.2,2.5,0.899,0.546,0.516,7.1,2.8,0.384,2.54,9.9,4.8,0.03,0.14,123.2,114.1,9.1,5.8,0.134,99.43,66.7
1629013,Landry Shamet,NYK,29.0,51,23.0,0.151,9.3,3.1,7.1,0.437,2.0,5.2,0.392,1.1,1.5,0.711,0.598,0.578,1.4,0.6,0.084,2.4,6.0,1.8,0.019,0.058,115.2,107.0,8.1,3.7,0.07,99.44,27.2
1626204,Larry Nance Jr.,CLE,33.0,35,12.8,0.137,3.7,1.5,3.5,0.419,0.6,1.8,0.333,0.2,0.4,0.462,0.505,0.504,1.0,0.6,0.105,1.7,10.9,2.7,0.058,0.143,108.2,111.1,-2.9,-0.5,0.062,101.61,11.5
1628374,Lauri Markkanen,UTA,29.0,42,34.3,0.269,26.7,9.1,19.2,0.477,2.7,7.7,0.355,5.7,6.4,0.896,0.608,0.548,2.1,1.5,0.101,1.41,5.9,6.9,0.054,0.134,113.6,115.2,-1.5,-1.3,0.139,104.48,71.9
2544,LeBron James,LAL,41.0,60,33.2,0.262,20.9,7.9,15.3,0.515,1.3,4.1,0.317,3.9,5.3,0.737,0.594,0.557,7.2,3.0,0.338,2.41,10.8,6.1,0.023,0.16,115.0,112.4,2.6,2.0,0.154,100.29,64.7
1631159,Leonard Miller,CHI,22.0,46,15.6,0.176,7.8,3.2,5.7,0.553,0.7,2.2,0.323,0.8,1.2,0.736,0.633,0.615,0.9,0.8,0.077,1.11,10.0,3.9,0.073,0.158,111.7,114.1,-2.5,-0.6,0.104,106.87,23.1
1628366,Lonzo Ball,CLE,28.0,35,20.8,0.13,4.6,1.5,5.0,0.301,1.1,4.2,0.272,0.4,0.6,0.667,0.432,0.415,3.9,1.5,0.236,2.62,14.0,4.0,0.032,0.148,111.0,109.7,1.3,0.9,0.077,104.87,17.7
1629652,Luguentz Dort,OKC,27.0,69,26.8,0.139,8.3,2.9,7.6,0.385,1.9,5.4,0.344,0.6,0.8,0.759,0.524,0.508,1.2,0.8,0.059,1.57,7.8,3.6,0.03,0.094,116.2,108.2,8.0,4.3,0.049,100.54,29.0
1629029,Luka Dončić,LAL,27.0,64,35.8,0.368,33.5,10.8,22.8,0.476,4.0,10.8,0.366,7.9,10.1,0.78,0.616,0.563,8.3,4.0,0.387,2.08,10.1,7.7,0.019,0.194,119.4,115.6,3.8,2.9,0.188,100.73,97.3
1630568,Luka Garza,BOS,27.0,69,16.2,0.168,8.1,3.0,5.2,0.577,0.8,1.8,0.433,1.3,1.7,0.769,0.682,0.654,1.0,0.7,0.085,1.43,8.9,4.1,0.129,0.11,119.4,113.6,5.8,1.8,0.103,97.4,24.4
1628379,Luke Kennard,LAL,29.0,78,21.5,0.131,8.4,3.0,5.7,0.533,1.5,3.1,0.478,0.8,0.9,0.913,0.689,0.665,2.2,0.8,0.139,2.9,8.6,2.3,0.019,0.086,114.2,113.7,0.5,0.5,0.089,101.7,23.2
1628436,Luke Kornet,SAS,30.0,68,21.0,0.1,6.5,2.6,4.0,0.643,0.0,0.0,0.0,1.4,1.7,0.825,0.689,0.643,1.9,0.4,0.114,4.5,5.8,6.1,0.116,0.147,114.4,110.5,3.9,1.7,0.109,102.41,17.1
1628370,Malik Monk,SAC,28.0,62,22.0,0.234,12.5,4.5,10.2,0.438,2.0,5.1,0.395,1.5,1.7,0.879,0.568,0.536,3.0,1.5,0.208,2.03,9.5,1.9,0.01,0.071,110.0,118.3,-8.3,-4.1,0.094,102.11,42.3
1631204,Marcus Sasser,DET,25.0,38,12.0,0.197,5.2,1.8,4.7,0.39,1.2,2.8,0.415,0.4,0.5,0.833,0.533,0.514,2.0,0.8,0.217,2.42,10.7,1.0,0.016,0.07,116.4,103.1,13.4,3.1,0.078,101.68,20.5
203935,Marcus Smart,LAL,32.0,62,28.5,0.151,9.3,3.0,7.7,0.395,1.6,4.7,0.331,1.7,2.1,0.822,0.543,0.497,3.0,1.5,0.133,2.01,11.4,2.8,0.022,0.077,117.3,110.6,6.8,4.1,0.059,100.07,33.0
1631109,Mark Williams,PHX,24.0,60,23.6,0.167,11.7,4.7,7.3,0.644,0.0,0.0,1.0,2.3,2.9,0.771,0.68,0.645,1.0,1.1,0.064,0.89,10.3,8.0,0.124,0.201,111.3,113.3,-2.0,-0.7,0.141,101.01,32.6
1628963,Marvin Bagley III,DAL,27.0,60,20.0,0.18,10.5,4.2,6.9,0.618,0.4,0.9,0.462,1.6,2.4,0.66,0.661,0.647,1.4,1.0,0.107,1.39,9.8,6.1,0.116,0.171,109.9,119.0,-9.1,-3.7,0.123,103.2,30.8
1641824,Matas Buzelis,CHI,21.0,77,29.2,0.223,16.3,5.8,12.5,0.463,2.2,6.4,0.349,2.4,3.1,0.786,0.586,0.553,2.1,2.1,0.103,0.99,11.5,5.8,0.033,0.152,110.6,116.9,-6.3,-4.0,0.097,104.25,51.7
1629680,Matisse Thybulle,POR,29.0,30,16.0,0.144,5.8,1.9,4.5,0.433,1.2,3.1,0.398,0.7,0.8,0.84,0.6,0.571,0.9,0.9,0.079,0.96,13.9,2.0,0.033,0.087,108.8,99.8,9.0,2.9,0.093,103.73,15.9
1631108,Max Christie,DAL,23.0,77,29.1,0.162,12.3,4.2,9.4,0.441,2.3,5.8,0.404,1.6,1.8,0.899,0.601,0.566,2.0,1.2,0.095,1.57,9.3,3.2,0.006,0.097,108.3,115.2,-6.9,-4.4,0.079,103.23,37.8
1642875,Maxime Raynaud,SAC,23.0,74,26.5,0.178,12.5,5.2,9.1,0.571,0.3,1.0,0.324,1.8,2.3,0.786,0.619,0.589,1.4,1.3,0.074,1.06,10.0,7.5,0.07,0.211,110.4,121.3,-10.9,-6.2,0.109,101.41,38.4
1642877,Micah Peavy,NOP,24.0,61,15.0,0.135,4.3,1.7,4.5,0.385,0.5,1.8,0.259,0.4,0.5,0.759,0.455,0.436,1.0,0.3,0.089,3.05,5.4,1.9,0.046,0.073,110.4,114.5,-4.1,-1.7,0.044,103.08,16.2
1630695,Micah Potter,IND,28.0,47,19.3,0.174,9.7,3.2,6.2,0.515,1.5,3.6,0.423,1.8,2.1,0.842,0.679,0.637,1.5,1.0,0.111,1.47,10.3,5.0,0.061,0.193,108.4,114.8,-6.4,-2.6,0.114,105.56,27.2
1629008,Michael Porter Jr.,BKN,27.0,52,32.5,0.292,24.2,8.5,18.4,0.463,3.4,9.3,0.363,3.8,4.4,0.859,0.595,0.555,3.0,2.3,0.165,1.3,9.3,7.1,0.04,0.188,113.0,119.6,-6.6,-3.9,0.141,97.97,70.3
1628969,Mikal Bridges,NYK,29.0,82,32.8,0.17,14.4,5.8,11.7,0.49,1.9,5.1,0.371,1.0,1.2,0.827,0.587,0.571,3.7,1.0,0.158,3.66,6.0,3.8,0.029,0.085,118.0,112.0,6.0,3.6,0.099,98.88,43.7
201144,Mike Conley,MIN,38.0,54,18.4,0.113,4.5,1.3,4.0,0.335,1.0,3.1,0.337,0.8,0.9,0.9,0.517,0.465,2.9,0.6,0.205,4.62,7.9,1.7,0.017,0.074,112.3,112.1,0.2,0.3,0.061,102.58,14.8
1628970,Miles Bridges,CHA,28.0,77,31.0,0.221,17.1,6.2,13.5,0.46,1.9,5.8,0.333,2.7,3.3,0.822,0.57,0.531,3.2,1.4,0.154,2.3,7.1,5.8,0.03,0.155,118.3,114.8,3.5,1.9,0.114,98.66,54.2
1630540,Miles McBride,NYK,25.0,41,26.3,0.174,12.0,4.2,9.9,0.423,2.7,6.6,0.413,0.9,1.1,0.787,0.578,0.562,2.6,0.8,0.136,3.21,5.9,2.4,0.02,0.068,119.9,110.4,9.5,5.5,0.085,98.57,34.4
1629011,Mitchell Robinson,NYK,28.0,60,19.6,0.102,5.7,2.5,3.4,0.723,0.0,0.0,0.0,0.7,1.7,0.408,0.676,0.723,0.9,0.7,0.058,1.27,11.9,8.8,0.201,0.227,117.7,109.9,7.8,2.6,0.124,98.23,15.0
1630541,Moses Moody,GSW,23.0,60,25.7,0.174,12.1,4.1,9.3,0.44,2.5,6.3,0.401,1.5,1.9,0.77,0.6,0.575,1.6,1.0,0.093,1.72,7.5,3.3,0.031,0.092,111.1,108.9,2.2,1.3,0.083,102.6,36.0
1631243,Mouhamed Gueye,ATL,23.0,77,15.3,0.12,4.4,1.7,3.8,0.452,0.5,1.7,0.308,0.5,0.8,0.645,0.539,0.521,0.9,0.4,0.076,2.09,7.9,3.6,0.071,0.151,112.5,110.1,2.3,0.6,0.075,102.61,15.3
1630619,Moussa Cisse,DAL,23.0,38,13.9,0.136,4.5,1.7,3.0,0.574,0.0,0.0,0.0,1.0,2.1,0.469,0.564,0.574,0.2,0.8,0.023,0.3,15.8,5.7,0.15,0.215,111.2,110.7,0.5,-0.1,0.087,104.05,14.1
1631217,Moussa Diabaté,CHA,24.0,73,26.0,0.112,7.9,3.1,5.0,0.631,0.0,0.0,0.5,1.6,2.4,0.659,0.653,0.632,1.9,1.0,0.099,1.93,11.2,8.7,0.139,0.191,122.0,111.5,10.5,4.7,0.108,97.8,24.3
1626167,Myles Turner,MIL,30.0,71,26.9,0.181,11.9,4.0,9.1,0.44,2.1,5.4,0.383,1.8,2.5,0.74,0.584,0.553,1.5,1.2,0.079,1.24,9.1,5.3,0.039,0.152,109.6,115.8,-6.2,-3.2,0.086,100.47,39.0
1641772,Nae'Qwan Tomlin,CLE,25.0,64,15.7,0.151,5.8,2.3,4.9,0.478,0.4,1.8,0.235,0.7,1.0,0.77,0.549,0.521,0.8,0.5,0.071,1.83,6.8,2.9,0.081,0.094,114.3,110.7,3.6,0.9,0.069,101.75,20.1
1630230,Naji Marshall,DAL,28.0,74,29.5,0.2,15.2,5.7,11.1,0.51,0.8,2.9,0.291,3.1,4.1,0.76,0.592,0.548,3.3,1.6,0.162,2.03,9.1,4.7,0.028,0.12,109.7,114.3,-4.6,-2.9,0.106,104.35,48.3
1629675,Naz Reid,MIN,26.0,77,26.1,0.212,13.6,5.2,11.3,0.456,2.1,5.8,0.362,1.2,1.6,0.732,0.565,0.549,2.2,1.6,0.124,1.35,10.3,6.2,0.042,0.187,113.0,109.9,3.2,2.2,0.112,102.77,44.6
1629674,Neemias Queta,BOS,26.0,76,25.3,0.145,10.2,4.3,6.6,0.653,0.0,0.1,0.125,1.6,2.3,0.703,0.674,0.654,1.7,1.0,0.091,1.68,9.6,8.4,0.118,0.194,118.8,105.6,13.2,6.3,0.13,96.15,30.3
1629651,Nic Claxton,BKN,27.0,69,27.8,0.175,11.7,4.8,8.4,0.571,0.0,0.3,0.158,2.0,3.3,0.616,0.592,0.574,3.7,1.4,0.216,2.64,9.3,6.9,0.084,0.167,107.4,120.3,-12.9,-7.5,0.117,98.37,38.9
1630208,Nick Richards,CHI,28.0,48,14.6,0.176,5.8,2.1,4.2,0.512,0.1,0.4,0.278,1.4,2.1,0.644,0.562,0.525,0.3,1.2,0.033,0.27,18.4,5.1,0.103,0.221,108.9,117.2,-8.4,-2.8,0.079,102.27,21.9
1641733,Nick Smith Jr.,LAL,22.0,30,12.5,0.212,6.2,2.3,5.4,0.435,1.1,2.9,0.395,0.4,0.5,0.733,0.552,0.54,1.0,0.7,0.127,1.48,9.6,0.8,0.009,0.054,110.6,111.7,-1.1,-0.1,0.067,101.35,23.0
1629638,Nickeil Alexander-Walker,ATL,27.0,78,33.4,0.23,20.8,7.0,15.3,0.459,3.2,8.1,0.399,3.6,3.9,0.902,0.61,0.564,3.7,2.1,0.155,1.77,9.2,3.4,0.019,0.079,116.1,112.0,4.0,3.1,0.105,104.38,60.2
201587,Nicolas Batum,LAC,37.0,74,17.5,0.092,4.0,1.3,3.2,0.403,1.2,3.1,0.404,0.1,0.1,0.818,0.603,0.597,0.9,0.5,0.069,1.73,10.8,2.5,0.018,0.119,113.2,113.8,-0.5,-0.2,0.058,98.96,11.0
203999,Nikola Jokić,DEN,31.0,65,34.8,0.289,27.7,9.9,17.4,0.569,1.7,4.5,0.38,6.1,7.4,0.831,0.67,0.618,10.7,3.7,0.458,2.87,10.7,12.9,0.089,0.27,126.1,115.3,10.8,8.5,0.213,102.59,75.4
1631107,Nikola Jović,MIA,22.0,47,17.2,0.203,7.3,2.4,6.7,0.366,1.0,3.6,0.269,1.5,2.1,0.683,0.48,0.438,2.2,1.4,0.173,1.57,12.4,3.3,0.028,0.137,109.3,110.1,-0.8,-0.1,0.073,107.64,30.2
202696,Nikola Vučević,BOS,35.0,64,28.4,0.213,15.1,6.2,12.5,0.493,1.6,4.2,0.369,1.2,1.5,0.828,0.574,0.556,3.3,1.3,0.175,2.51,7.4,8.4,0.067,0.211,113.1,114.8,-1.7,-0.7,0.127,101.99,46.6
1642363,Nique Clifford,SAC,24.0,75,25.1,0.167,8.6,3.3,7.9,0.418,1.0,3.1,0.333,0.9,1.3,0.722,0.505,0.482,2.4,1.5,0.13,1.54,12.4,3.8,0.034,0.115,111.3,115.8,-4.5,-2.9,0.062,100.77,33.1
1641730,Noah Clowney,BKN,21.0,66,27.0,0.202,12.3,3.8,9.6,0.396,2.0,5.9,0.329,2.7,3.4,0.804,0.554,0.498,1.6,1.5,0.095,1.06,10.8,4.1,0.029,0.128,109.7,118.3,-8.7,-5.0,0.072,98.49,43.3
1642869,Noah Penda,ORL,21.0,59,12.8,0.14,3.8,1.4,3.4,0.404,0.5,1.6,0.323,0.6,0.8,0.688,0.506,0.478,1.2,0.7,0.124,1.67,12.5,3.2,0.081,0.159,110.4,113.4,-3.0,-0.9,0.076,101.42,14.3
1642849,Nolan Traore,BKN,19.0,56,22.2,0.224,8.9,3.3,8.6,0.38,1.1,3.4,0.318,1.3,1.7,0.787,0.479,0.444,3.8,2.3,0.265,1.65,14.9,1.8,0.011,0.073,108.2,118.8,-10.5,-5.0,0.056,98.4,38.5
1626181,Norman Powell,MIA,32.0,58,29.6,0.262,21.7,7.3,15.4,0.47,2.7,7.1,0.38,4.5,5.5,0.827,0.609,0.558,2.5,1.9,0.123,1.29,8.7,3.5,0.012,0.097,114.7,114.1,0.6,0.7,0.113,105.69,62.9
1628384,OG Anunoby,NYK,28.0,67,33.2,0.194,16.7,5.8,12.0,0.484,2.3,6.1,0.386,2.7,3.3,0.828,0.62,0.581,2.2,1.8,0.09,1.18,10.5,5.2,0.039,0.116,119.4,110.2,9.2,6.1,0.099,99.84,49.2
1630167,Obi Toppin,IND,28.0,24,17.7,0.241,11.6,4.2,8.3,0.503,1.5,4.4,0.352,1.8,1.9,0.913,0.636,0.595,2.3,1.2,0.193,1.96,9.3,4.4,0.03,0.206,113.9,117.5,-3.6,-1.4,0.143,104.11,35.3
1630534,Ochai Agbaji,BKN,26.0,62,15.7,0.142,5.1,2.0,4.5,0.436,0.5,2.1,0.266,0.6,0.7,0.837,0.525,0.496,0.8,0.5,0.07,1.52,8.2,2.3,0.046,0.096,106.4,109.0,-2.7,-1.0,0.057,100.34,17.9
1641765,Olivier-Maxence Prosper,MEM,23.0,53,18.6,0.183,10.0,3.6,6.6,0.549,1.1,2.8,0.405,1.6,2.2,0.754,0.662,0.634,1.0,0.9,0.077,1.09,9.5,3.5,0.057,0.127,110.7,120.4,-9.7,-3.9,0.103,104.7,29.1
1630168,Onyeka Okongwu,ATL,25.0,74,31.0,0.189,15.2,5.6,11.6,0.48,1.9,5.2,0.376,2.1,2.7,0.757,0.592,0.564,3.1,1.7,0.14,1.82,9.7,7.6,0.058,0.178,113.4,111.3,2.1,1.5,0.104,104.39,46.5
1631131,Oscar Tshiebwe,UTA,26.0,27,16.6,0.162,7.8,3.4,5.4,0.634,0.0,0.0,0.0,1.0,1.8,0.551,0.633,0.634,1.2,0.8,0.101,1.52,9.6,6.6,0.151,0.224,110.9,118.9,-8.0,-2.9,0.125,104.74,20.9
1642345,Oso Ighodaro,PHX,23.0,82,22.1,0.12,6.5,2.9,4.5,0.653,0.0,0.0,0.0,0.6,1.4,0.453,0.636,0.653,2.3,1.2,0.139,1.83,14.4,5.1,0.071,0.158,114.8,109.7,5.1,2.0,0.09,98.44,21.5
1631172,Ousmane Dieng,MIL,23.0,57,19.3,0.192,7.6,2.9,7.0,0.422,1.1,3.2,0.341,0.6,0.8,0.711,0.516,0.501,2.4,1.3,0.185,1.81,11.9,3.2,0.026,0.136,108.7,117.3,-8.6,-3.7,0.075,99.84,29.3
1629023,P.J. Washington,DAL,27.0,56,31.0,0.194,14.2,5.3,11.8,0.45,1.4,4.2,0.325,2.2,3.3,0.687,0.537,0.508,1.8,1.7,0.082,1.04,10.1,7.0,0.045,0.162,107.0,114.4,-7.3,-4.9,0.093,103.86,46.8
1631094,Paolo Banchero,ORL,23.0,72,34.7,0.274,22.2,7.3,16.0,0.459,1.2,3.8,0.305,6.3,8.2,0.775,0.566,0.496,5.2,3.1,0.235,1.68,11.0,8.4,0.034,0.204,114.0,114.1,-0.2,0.0,0.138,100.96,73.3
1627783,Pascal Siakam,IND,32.0,62,33.2,0.292,24.0,9.0,18.6,0.484,1.7,4.7,0.358,4.2,6.1,0.693,0.562,0.529,3.8,2.2,0.19,1.71,8.2,6.6,0.041,0.151,111.5,117.2,-5.6,-3.7,0.13,102.95,74.4
1630311,Pat Spencer,GSW,29.0,66,18.6,0.185,7.2,2.8,6.6,0.427,0.9,2.5,0.357,0.7,0.9,0.772,0.516,0.495,3.5,1.3,0.27,2.73,10.9,2.4,0.041,0.091,112.1,115.6,-3.4,-1.4,0.087,99.81,28.4
1630172,Patrick Williams,CHI,24.0,72,20.5,0.159,7.0,2.5,6.6,0.372,1.3,3.8,0.347,0.8,1.0,0.72,0.494,0.472,1.5,1.0,0.101,1.4,10.9,3.0,0.03,0.106,103.8,114.8,-11.0,-4.8,0.057,105.67,26.9
202331,Paul George,PHI,36.0,37,30.7,0.229,17.3,6.1,13.9,0.439,2.7,6.9,0.392,2.5,3.0,0.82,0.57,0.536,3.6,1.7,0.175,2.08,8.5,5.3,0.017,0.147,115.0,111.4,3.6,2.4,0.117,100.33,51.9
1630194,Paul Reed,DET,26.0,65,13.9,0.2,7.8,3.2,5.2,0.617,0.2,0.6,0.325,1.1,1.7,0.664,0.65,0.636,1.2,0.9,0.134,1.38,11.0,4.5,0.142,0.176,112.5,104.4,8.1,2.1,0.153,101.72,26.7
1630202,Payton Pritchard,BOS,28.0,79,32.3,0.21,17.0,6.4,13.8,0.464,2.7,7.1,0.377,1.5,1.7,0.89,0.584,0.561,5.2,1.4,0.234,3.74,6.5,3.9,0.026,0.09,120.1,112.1,8.0,5.4,0.12,95.81,51.8
1641796,Pelle Larsson,MIA,25.0,70,26.4,0.165,11.4,4.0,8.0,0.496,0.9,2.7,0.323,2.6,3.3,0.797,0.605,0.551,3.4,1.4,0.163,2.34,10.2,3.5,0.035,0.088,115.7,113.3,2.4,1.1,0.084,105.49,36.4
1631250,Pete Nance,MIL,26.0,47,15.7,0.132,5.4,2.1,4.1,0.515,1.1,2.5,0.42,0.1,0.2,0.364,0.639,0.644,1.0,0.6,0.092,1.85,9.5,2.7,0.038,0.135,112.2,117.4,-5.2,-1.7,0.078,97.81,14.1
1631212,Peyton Watson,DEN,23.0,54,29.6,0.204,14.6,5.3,10.8,0.491,1.5,3.6,0.411,2.6,3.5,0.73,0.594,0.56,2.1,1.7,0.096,1.19,10.7,4.9,0.033,0.127,123.7,117.6,6.2,3.6,0.087,99.45,45.9
1630173,Precious Achiuwa,SAC,26.0,73,23.9,0.172,10.1,4.3,8.2,0.528,0.4,1.3,0.278,1.1,1.9,0.554,0.558,0.551,1.4,0.9,0.082,1.55,7.9,6.7,0.098,0.18,110.9,118.1,-7.2,-3.7,0.102,100.39,34.2
1629656,Quentin Grimes,PHI,26.0,75,29.4,0.183,13.4,4.5,10.1,0.45,1.7,5.1,0.334,2.7,3.2,0.84,0.585,0.534,3.3,1.8,0.159,1.83,10.8,3.6,0.02,0.096,112.4,112.4,-0.1,0.1,0.092,101.43,43.5
1631245,Quenton Jackson,IND,27.0,49,18.3,0.2,9.1,3.1,6.7,0.47,0.9,2.4,0.356,2.0,2.4,0.824,0.589,0.534,2.9,1.3,0.227,2.26,10.7,2.3,0.03,0.092,109.1,112.9,-3.8,-1.3,0.096,105.34,31.1
1642366,Quinten Post,GSW,26.0,67,17.3,0.183,7.7,2.9,6.6,0.44,1.4,4.1,0.336,0.5,0.6,0.791,0.56,0.546,1.4,0.8,0.116,1.68,9.2,4.0,0.057,0.165,112.4,110.2,2.3,0.9,0.089,101.7,27.0
1629628,RJ Barrett,TOR,25.0,57,30.3,0.254,19.3,7.0,14.3,0.491,1.7,5.0,0.339,3.5,4.9,0.717,0.585,0.55,3.3,1.7,0.157,1.91,8.1,5.3,0.033,0.141,118.4,113.5,4.9,2.9,0.112,100.88,59.8
1642853,Rasheer Fleming,PHX,21.0,55,12.2,0.159,4.3,1.6,3.9,0.405,0.8,2.4,0.346,0.3,0.6,0.559,0.517,0.509,0.3,0.5,0.033,0.55,10.5,2.3,0.08,0.099,112.7,106.6,6.1,1.8,0.056,96.98,16.4
1641712,Rayan Rupert,MEM,21.0,64,16.8,0.148,5.2,1.9,4.9,0.393,0.7,2.1,0.324,0.7,0.8,0.778,0.493,0.463,1.1,0.9,0.093,1.24,12.0,2.9,0.04,0.129,103.5,117.0,-13.6,-5.0,0.055,103.02,20.1
1642263,Reed Sheppard,HOU,21.0,82,26.2,0.21,13.5,5.0,11.5,0.43,2.8,7.0,0.394,0.8,1.0,0.802,0.564,0.55,3.4,1.5,0.183,2.25,8.9,2.9,0.012,0.092,115.9,111.6,4.3,3.4,0.102,98.73,44.2
1642265,Rob Dillingham,CHI,21.0,65,14.9,0.218,6.3,2.5,6.3,0.396,0.6,2.0,0.316,0.6,0.8,0.745,0.469,0.447,2.2,1.5,0.206,1.43,14.7,2.0,0.018,0.105,105.9,113.3,-7.4,-2.2,0.06,106.08,29.6
1629057,Robert Williams III,POR,28.0,59,17.1,0.129,6.7,3.0,4.2,0.708,0.2,0.4,0.391,0.6,1.0,0.596,0.722,0.726,1.0,0.8,0.089,1.22,12.7,7.0,0.133,0.25,110.6,107.2,3.4,1.2,0.163,102.86,16.9
1641842,Ronald Holland II,DET,20.0,78,19.9,0.184,8.2,3.0,7.0,0.432,0.6,2.5,0.253,1.5,1.9,0.805,0.525,0.478,1.2,1.2,0.088,0.99,12.1,4.0,0.052,0.141,110.2,104.5,5.7,1.7,0.085,101.85,32.1
1626220,Royce O'Neale,PHX,32.0,78,28.4,0.139,9.8,3.4,8.0,0.421,2.7,6.7,0.408,0.3,0.5,0.711,0.596,0.59,2.7,1.3,0.129,2.02,10.8,4.8,0.025,0.139,111.4,115.1,-3.6,-1.4,0.082,100.64,30.8
203497,Rudy Gobert,MIN,33.0,76,31.3,0.127,10.9,4.4,6.5,0.682,0.0,0.1,0.0,2.1,4.0,0.526,0.664,0.682,1.7,1.4,0.074,1.21,12.3,11.5,0.121,0.222,113.0,108.0,5.0,3.1,0.121,101.49,33.9
1629060,Rui Hachimura,LAL,28.0,68,28.3,0.149,11.5,4.5,8.8,0.514,1.7,3.9,0.443,0.7,1.1,0.694,0.62,0.611,0.8,0.6,0.041,1.36,5.8,3.3,0.023,0.094,116.4,114.4,2.0,1.2,0.073,100.83,33.2
201566,Russell Westbrook,SAC,37.0,64,28.9,0.252,15.2,5.6,13.1,0.427,2.0,5.9,0.338,2.0,2.9,0.694,0.528,0.503,6.7,3.3,0.33,2.04,13.4,5.4,0.042,0.147,110.0,122.1,-12.1,-7.1,0.105,102.15,54.6
1642346,Ryan Dunn,PHX,23.0,70,19.4,0.136,5.8,2.3,5.2,0.453,0.8,2.4,0.331,0.3,0.7,0.489,0.532,0.53,1.5,0.8,0.105,1.82,10.3,4.2,0.068,0.142,110.4,108.7,1.7,0.1,0.081,98.02,20.9
1641750,Ryan Kalkbrenner,CHA,24.0,69,21.4,0.113,7.6,3.2,4.2,0.753,0.0,0.1,0.0,1.2,1.7,0.716,0.762,0.753,0.8,0.9,0.053,0.87,13.5,5.5,0.109,0.133,112.3,111.2,1.1,0.7,0.108,100.4,19.2
1642948,Ryan Nembhard,DAL,23.0,60,19.5,0.173,6.6,2.7,6.5,0.415,0.8,2.3,0.356,0.4,0.5,0.806,0.492,0.477,5.3,1.4,0.353,3.72,10.6,2.2,0.011,0.095,111.2,113.1,-1.9,-0.4,0.087,101.89,26.2
1631157,Ryan Rollins,MIL,23.0,74,32.1,0.236,17.3,6.6,13.9,0.472,2.5,6.1,0.406,1.7,2.1,0.796,0.583,0.561,5.6,2.7,0.264,2.06,11.7,4.6,0.023,0.115,113.3,116.5,-3.2,-2.4,0.111,99.55,55.2
1630180,Saddiq Bey,NOP,27.0,72,31.2,0.213,17.7,6.1,13.4,0.451,2.1,5.7,0.367,3.4,4.1,0.841,0.579,0.529,2.5,0.9,0.12,2.68,5.1,5.6,0.051,0.12,113.3,116.8,-3.6,-2.6,0.112,102.05,54.0
1630573,Sam Hauser,BOS,28.0,78,24.8,0.141,9.2,3.2,7.7,0.419,2.5,6.5,0.393,0.2,0.3,0.85,0.59,0.584,1.5,0.4,0.077,3.26,4.6,3.8,0.028,0.118,119.8,111.0,8.8,4.7,0.08,97.23,28.2
1630241,Sam Merrill,CLE,30.0,52,26.5,0.167,12.8,4.3,9.3,0.461,3.0,7.2,0.421,1.1,1.3,0.855,0.644,0.624,2.4,0.8,0.119,2.98,6.2,2.6,0.02,0.072,120.3,112.6,7.7,4.7,0.081,101.54,34.0
1630572,Sandro Mamukelashvili,TOR,27.0,80,21.9,0.181,11.2,4.1,7.9,0.523,1.4,3.7,0.389,1.5,2.0,0.747,0.637,0.614,1.9,0.8,0.123,2.25,7.3,4.9,0.06,0.163,114.9,109.7,5.3,2.3,0.123,101.19,34.4
1630583,Santi Aldama,MEM,25.0,43,27.9,0.191,14.0,5.3,11.1,0.479,1.6,4.7,0.35,1.8,2.7,0.667,0.572,0.553,2.9,1.3,0.153,2.29,7.9,6.7,0.052,0.171,113.6,116.0,-2.4,-1.1,0.115,103.47,41.7
1630703,Scoot Henderson,POR,22.0,30,24.9,0.246,14.2,4.8,11.4,0.418,1.9,5.4,0.352,2.8,3.3,0.84,0.553,0.501,3.7,2.4,0.231,1.53,12.7,2.7,0.022,0.078,112.2,109.0,3.2,1.8,0.086,103.34,47.0
1630567,Scottie Barnes,TOR,24.0,80,33.5,0.226,18.1,7.1,14.0,0.507,0.9,2.8,0.304,3.0,3.7,0.815,0.577,0.537,5.9,2.6,0.255,2.26,10.9,7.5,0.055,0.166,114.6,110.0,4.6,3.3,0.139,101.0,57.8
1631101,Shaedon Sharpe,POR,22.0,50,29.4,0.293,20.8,7.8,17.4,0.452,2.1,6.1,0.337,3.1,3.9,0.787,0.546,0.511,2.6,2.9,0.151,0.9,12.0,4.3,0.032,0.104,112.4,113.7,-1.3,-1.0,0.108,103.89,66.3
1628983,Shai Gilgeous-Alexander,OKC,27.0,68,33.2,0.323,31.1,10.8,19.4,0.553,1.7,4.4,0.386,7.9,9.0,0.879,0.665,0.597,6.6,2.2,0.332,2.97,6.9,4.3,0.017,0.1,121.5,105.2,16.3,11.6,0.207,101.84,84.1
1630536,Sharife Cooper,WAS,24.0,41,17.1,0.197,8.1,3.1,6.0,0.514,0.7,1.9,0.382,1.2,1.5,0.833,0.609,0.573,3.0,1.5,0.256,2.03,13.3,2.1,0.025,0.098,108.4,120.1,-11.7,-4.5,0.094,103.68,27.0
1631321,Sidy Cissoko,POR,22.0,75,19.1,0.123,5.1,1.8,4.5,0.398,0.8,2.6,0.298,0.8,1.2,0.659,0.514,0.487,1.5,0.9,0.107,1.57,12.7,2.2,0.041,0.071,109.2,110.9,-1.7,-0.8,0.036,102.55,19.3
1631323,Simone Fontecchio,MIA,30.0,70,16.7,0.184,8.5,2.8,6.7,0.412,1.8,4.7,0.375,1.2,1.5,0.843,0.579,0.542,1.4,0.7,0.121,2.06,7.5,3.0,0.042,0.118,113.8,110.5,3.3,1.3,0.09,105.28,28.5
1642883,Sion James,CHA,23.0,82,22.5,0.109,5.4,1.7,4.5,0.371,1.0,2.9,0.352,1.0,1.2,0.837,0.531,0.483,2.0,0.8,0.121,2.51,10.1,3.5,0.026,0.124,113.2,110.0,3.3,0.8,0.062,99.1,20.1
1642461,Spencer Jones,DEN,24.0,64,22.1,0.097,5.5,2.1,4.1,0.504,0.9,2.3,0.396,0.5,0.8,0.608,0.619,0.613,0.8,0.5,0.047,1.65,8.4,3.3,0.055,0.09,116.9,115.3,1.6,0.0,0.045,99.33,15.8
201939,Stephen Curry,GSW,38.0,43,30.9,0.308,26.6,8.7,18.6,0.468,4.4,11.3,0.393,4.7,5.1,0.923,0.637,0.587,4.7,2.8,0.245,1.68,10.0,3.6,0.013,0.1,117.6,114.8,2.8,2.1,0.146,103.66,72.0
1642264,Stephon Castle,SAS,21.0,68,30.0,0.243,16.7,5.7,12.0,0.471,1.2,3.6,0.332,4.1,5.6,0.734,0.575,0.521,7.4,3.2,0.344,2.31,12.7,5.3,0.047,0.119,118.2,108.4,9.8,6.0,0.117,102.28,56.9
203500,Steven Adams,HOU,32.0,32,22.8,0.116,5.8,2.2,4.3,0.504,0.0,0.0,0.0,1.5,2.5,0.58,0.535,0.504,1.5,1.1,0.084,1.37,13.5,8.6,0.189,0.165,117.3,105.5,11.8,6.1,0.1,97.69,18.8
1629004,Svi Mykhailiuk,UTA,28.0,50,23.1,0.143,9.4,3.5,7.2,0.478,2.0,4.8,0.408,0.5,0.6,0.893,0.626,0.613,1.9,0.8,0.107,2.21,8.3,2.5,0.029,0.074,114.9,117.9,-3.0,-1.5,0.074,103.74,25.0
204456,T.J. McConnell,IND,34.0,56,17.2,0.227,9.4,4.3,8.0,0.538,0.3,0.9,0.32,0.4,0.5,0.862,0.567,0.556,5.1,1.1,0.469,4.48,7.9,2.2,0.022,0.104,109.1,116.7,-7.6,-2.4,0.15,103.65,33.3
1643007,Taelon Peter,IND,24.0,38,13.0,0.159,4.5,1.6,4.2,0.38,1.1,3.3,0.328,0.3,0.4,0.625,0.518,0.509,1.1,0.7,0.113,1.48,11.7,1.6,0.019,0.096,103.2,111.8,-8.7,-2.6,0.057,105.12,15.6
1631106,Tari Eason,HOU,25.0,60,25.8,0.181,10.5,4.0,9.7,0.416,1.6,4.3,0.358,0.9,1.1,0.776,0.514,0.496,1.5,1.4,0.078,1.11,10.4,6.3,0.077,0.156,116.1,109.6,6.5,2.8,0.083,99.06,36.3
1627752,Taurean Prince,MIL,32.0,26,23.5,0.157,9.2,3.3,7.3,0.45,2.3,5.4,0.436,0.2,0.2,1.0,0.617,0.61,1.8,1.2,0.102,1.48,11.5,3.1,0.007,0.125,113.7,117.5,-3.8,-2.0,0.073,99.88,24.5
1641707,Taylor Hendricks,MEM,22.0,59,19.0,0.157,7.4,2.8,6.0,0.459,1.1,3.1,0.342,0.8,1.2,0.681,0.566,0.548,0.9,0.8,0.07,1.1,10.3,3.7,0.054,0.141,108.4,119.1,-10.7,-4.4,0.077,103.17,24.2
1629611,Terance Mann,BKN,29.0,63,24.3,0.133,7.2,2.7,5.8,0.457,0.9,2.4,0.364,1.0,1.3,0.788,0.564,0.533,3.0,1.1,0.182,2.68,10.7,3.2,0.044,0.089,109.6,117.8,-8.2,-4.2,0.066,98.07,24.5
1630545,Terrence Shannon Jr.,MIN,25.0,43,12.5,0.171,5.6,1.8,4.0,0.45,0.7,1.8,0.408,1.3,1.6,0.8,0.597,0.541,0.9,0.6,0.102,1.58,9.0,1.1,0.018,0.074,112.0,120.5,-8.5,-1.9,0.069,102.75,18.7
1628418,Thomas Bryant,CLE,28.0,60,12.2,0.182,6.2,2.3,4.5,0.506,0.8,2.2,0.359,0.9,1.1,0.803,0.625,0.594,0.6,0.5,0.067,1.18,7.9,3.4,0.074,0.184,114.4,110.7,3.6,0.7,0.115,102.45,21.2
1642275,Tidjane Salaün,CHA,20.0,37,15.6,0.147,6.0,2.2,4.3,0.503,1.0,2.2,0.434,0.7,1.1,0.65,0.629,0.616,0.7,0.7,0.071,1.04,11.3,4.0,0.044,0.205,113.2,111.1,2.1,-0.1,0.102,99.11,16.7
203501,Tim Hardaway Jr.,DEN,34.0,80,26.6,0.177,13.5,4.4,9.7,0.447,2.8,6.9,0.407,2.0,2.5,0.811,0.624,0.591,1.4,0.5,0.07,2.51,4.3,2.6,0.008,0.082,119.4,114.9,4.5,2.5,0.085,101.24,39.9
202699,Tobias Harris,DET,33.0,63,27.7,0.181,13.3,4.9,10.5,0.469,1.3,3.5,0.368,2.2,2.5,0.866,0.574,0.531,2.5,1.0,0.12,2.49,6.7,5.1,0.03,0.145,118.6,108.6,10.0,5.8,0.112,100.9,40.8
1641739,Toumani Camara,POR,26.0,82,33.3,0.16,13.4,4.8,10.9,0.44,2.7,7.2,0.37,1.2,1.7,0.708,0.578,0.563,2.5,1.8,0.103,1.4,11.1,5.1,0.043,0.103,114.3,113.0,1.3,0.4,0.073,102.27,42.4
1642848,Tre Johnson,WAS,20.0,60,24.0,0.22,12.2,4.5,10.8,0.419,1.9,5.4,0.358,1.3,1.5,0.874,0.535,0.508,2.0,1.6,0.122,1.31,10.3,2.8,0.018,0.093,108.7,119.9,-11.2,-5.6,0.068,104.38,42.2
1630200,Tre Jones,CHI,26.0,65,27.0,0.186,14.1,5.2,9.5,0.553,0.6,2.0,0.315,2.9,3.5,0.841,0.637,0.586,5.4,1.4,0.284,3.8,7.9,3.1,0.02,0.088,111.0,114.8,-3.8,-2.1,0.126,106.25,41.3
1630544,Tre Mann,CHA,25.0,53,12.6,0.231,5.5,2.1,5.7,0.36,0.9,2.9,0.323,0.4,0.5,0.852,0.462,0.442,1.6,1.0,0.223,1.59,11.8,1.7,0.028,0.114,105.8,115.9,-10.1,-2.9,0.062,97.44,27.6
1630570,Trendon Watford,PHI,25.0,53,16.3,0.17,6.5,2.6,5.1,0.515,0.2,0.9,0.2,1.1,1.5,0.779,0.573,0.534,2.5,1.2,0.229,2.06,12.9,3.3,0.041,0.146,106.5,115.6,-9.1,-2.9,0.093,103.23,23.0
1630530,Trey Murphy III,NOP,25.0,66,35.5,0.223,21.5,7.5,15.9,0.47,3.2,8.6,0.379,3.3,3.7,0.886,0.613,0.572,3.8,1.8,0.16,2.08,7.9,5.7,0.026,0.131,113.6,117.2,-3.6,-2.6,0.122,101.71,60.2
1641774,Tristan Vukcevic,WAS,23.0,49,13.7,0.259,9.0,3.1,6.5,0.479,1.0,2.9,0.347,1.8,2.3,0.784,0.603,0.558,1.1,1.3,0.133,0.89,12.9,3.0,0.046,0.162,103.5,118.5,-15.1,-4.6,0.11,105.7,35.2
1641783,Tristan da Silva,ORL,25.0,77,24.7,0.16,9.9,3.6,8.1,0.45,1.6,4.2,0.374,1.1,1.2,0.884,0.576,0.547,1.6,0.9,0.092,1.8,8.1,3.7,0.03,0.115,113.2,111.6,1.6,1.3,0.085,100.96,32.3
1629639,Tyler Herro,MIA,26.0,33,31.3,0.248,20.5,7.5,15.6,0.48,2.5,6.7,0.378,3.0,3.3,0.917,0.602,0.561,4.1,1.9,0.199,2.13,8.4,4.8,0.013,0.129,114.4,116.4,-2.0,-1.2,0.122,103.33,57.1
1631213,Tyrese Martin,PHI,27.0,46,16.9,0.178,6.3,2.4,6.0,0.394,1.2,3.6,0.321,0.4,0.6,0.679,0.501,0.489,1.7,0.9,0.163,1.95,9.9,2.5,0.04,0.112,105.8,116.8,-10.9,-3.9,0.077,97.87,23.6
1630178,Tyrese Maxey,PHI,25.0,70,38.0,0.286,28.3,9.9,21.4,0.462,3.1,8.6,0.367,5.3,6.0,0.892,0.588,0.536,6.6,2.4,0.288,2.7,7.4,4.1,0.008,0.096,115.0,113.4,1.5,1.6,0.15,100.25,80.9
1630623,Tyson Etienne,BKN,26.0,24,15.8,0.198,7.9,2.4,6.0,0.4,1.8,4.5,0.398,1.3,1.5,0.833,0.588,0.548,1.7,0.7,0.17,2.5,7.4,1.1,0.013,0.06,105.6,117.8,-12.2,-4.3,0.071,102.0,25.0
1626145,Tyus Jones,DEN,30.0,67,14.6,0.103,3.0,1.1,3.3,0.349,0.6,2.0,0.292,0.1,0.1,0.778,0.448,0.44,2.4,0.4,0.222,6.36,6.2,1.1,0.011,0.065,107.5,113.6,-6.1,-1.6,0.065,101.09,10.3
1642845,VJ Edgecombe,PHI,20.0,75,35.0,0.196,16.0,6.0,13.7,0.438,2.0,5.6,0.354,2.0,2.4,0.818,0.54,0.51,4.2,1.8,0.172,2.3,8.8,5.6,0.044,0.111,114.8,113.9,0.9,0.8,0.092,100.44,52.2
1641705,Victor Wembanyama,SAS,22.0,64,29.2,0.316,25.0,8.6,16.9,0.512,1.9,5.5,0.349,5.8,7.0,0.827,0.626,0.569,3.1,2.4,0.17,1.28,9.5,11.5,0.071,0.285,120.5,103.6,17.0,10.7,0.209,102.23,74.1
1631246,Vince Williams Jr.,UTA,25.0,40,20.5,0.19,7.5,2.6,7.3,0.353,1.4,4.4,0.311,1.0,1.3,0.78,0.478,0.447,4.2,1.8,0.281,2.37,12.7,3.9,0.044,0.123,108.7,108.4,0.3,0.2,0.085,102.34,29.6
1630249,Vít Krejčí,POR,25.0,65,21.4,0.142,8.5,3.0,6.6,0.448,2.0,5.0,0.39,0.6,0.8,0.745,0.609,0.597,1.5,0.6,0.099,2.44,7.0,2.3,0.02,0.081,110.0,111.1,-1.1,-0.6,0.068,103.2,24.5
1642383,Walter Clayton Jr.,MEM,23.0,69,20.4,0.181,7.8,2.6,6.7,0.384,1.1,3.5,0.307,1.6,1.8,0.901,0.523,0.465,4.0,1.7,0.274,2.41,12.8,2.0,0.017,0.081,111.7,121.2,-9.6,-4.1,0.073,103.23,30.7
1628976,Wendell Carter Jr.,ORL,27.0,78,29.3,0.156,11.8,4.2,8.2,0.512,0.9,2.9,0.319,2.5,3.2,0.792,0.617,0.568,2.0,1.3,0.095,1.54,10.0,7.4,0.07,0.177,113.5,111.3,2.2,1.2,0.096,101.62,37.7
1642954,Will Richard,GSW,23.0,69,20.0,0.123,6.4,2.3,5.0,0.468,1.0,3.1,0.335,0.7,0.8,0.852,0.596,0.571,1.3,0.8,0.094,1.75,10.3,2.5,0.045,0.078,110.3,113.6,-3.3,-1.4,0.063,102.86,19.4
1642860,Will Riley,WAS,20.0,74,22.1,0.196,10.3,3.7,8.4,0.439,1.1,3.3,0.316,1.9,2.4,0.8,0.548,0.502,2.0,1.3,0.131,1.55,10.1,2.9,0.033,0.097,107.3,121.4,-14.1,-6.5,0.08,103.18,37.2
1642274,Yves Missi,NOP,22.0,66,19.7,0.122,5.7,2.4,4.5,0.544,0.0,0.0,0.0,0.9,1.5,0.559,0.556,0.544,1.3,0.8,0.087,1.56,11.3,5.8,0.128,0.147,112.7,114.1,-1.3,-0.6,0.087,100.7,19.3
1642258,Zaccharie Risacher,ATL,21.0,67,22.4,0.168,9.6,3.6,8.0,0.455,1.4,3.9,0.368,0.9,1.3,0.644,0.557,0.544,1.1,0.9,0.068,1.31,8.2,3.8,0.044,0.121,112.8,112.6,0.2,-0.2,0.07,105.34,31.2
203897,Zach LaVine,SAC,31.0,39,31.4,0.234,19.2,6.7,14.0,0.479,2.5,6.5,0.39,3.2,3.6,0.88,0.614,0.569,2.3,1.9,0.111,1.2,9.6,2.8,0.006,0.083,109.3,121.9,-12.6,-7.9,0.096,100.47,54.1
1630192,Zeke Nnaji,DEN,25.0,52,12.0,0.136,3.7,1.4,2.9,0.47,0.3,1.0,0.259,0.7,0.8,0.773,0.558,0.517,0.6,0.5,0.069,1.07,11.9,2.6,0.053,0.147,107.1,113.7,-6.6,-2.1,0.07,99.34,12.1
1630533,Ziaire Williams,BKN,24.0,56,22.9,0.179,10.2,3.3,7.7,0.425,1.5,4.5,0.343,2.1,2.5,0.85,0.579,0.524,1.1,1.1,0.076,1.02,9.7,2.4,0.022,0.084,103.1,113.2,-10.1,-5.0,0.079,100.4,33.3
1629627,Zion Williamson,NOP,25.0,62,29.7,0.25,21.0,7.8,13.0,0.6,0.0,0.1,0.25,5.4,7.5,0.716,0.644,0.6,3.2,2.0,0.174,1.58,9.4,5.7,0.064,0.116,113.0,114.9,-1.9,-1.3,0.141,103.58,61.4
